AACDVVRODDTYHWWC,ZZYYGTJRZDZXDZMD,CAOCCHXNRAJJMOHR
AAVGENNWRWHRHGZW,ZYWGXNZWTHJVDTEW,HEXJREDMYCHOTMEC
ACDODXZREVVMNFYN,ZYVCGOYRVZXYCOTO,EVOXJWMYFZHHFNMZ
ACZNZRNOWRMAMCFM,ZYGTCHGONXMECMRX,OVDWOZXHTENJHHFY
ADYWCNOJRGWGHOXO,ZYFRWATXRRJOZTVF,NTHCOVDCMOWOZANW
ADZHHAHDMGZVNJFC,ZXWDXWCRGNHHWTJF,RDJWXWDGFXRWJDHN
AETFWAMXNYCGNHCF,ZWVWRFOEJECCWYVW,RWMJOWDODTAAONZT
AEWJVZDHEFVCWTTT,ZWTJOWWHONAWTFCO,AGCHHEFORYJCHDEW
AFAJRRRNXZGAEJVZ,ZWNNYXRNWCNCZMYO,HVJOHRYTOCWXACWN
AFCJZVODTYOVJZMZ,ZWJTTTMTZTTROOFG,COGOXJYWGDHAJZMH
AFCTAVHXMWXJZOHR,ZWHCZHOTGZNMNACV,DZYRTTDFOHGYOGOZ
AFOTVNYHVGGRGCRM,ZVYZAOFTXFFOZJOA,VCFEEWZAEFTWEOZM
AGAYGMTYOMGZTTJM,ZVVODDFACFFTACYV,YGEGJAAWNZHTCHGA
AGCHHEFORYJCHDEW,ZTHOTRWEWVVXHFRM,ZMFRAAFNYECXFXAZ
AGOXDYTHEVYJWVCM,ZRYJFXGHORNAJDDC,JOEYFDFNDDXFRTZT
AHJXHTFNEEOJVZTN,ZRVTRHHWFRXHWXYG,TYJNCWZTAWNTVCMT
AHNRWGWMVZWEDMHH,ZROEOHWYEWJRNZVZ,DHEFDRCMRATCYOJF
AHOXMOANCECVAFYA,ZRJHZOOWZDRRENYR,ZVYZAOFTXFFOZJOA
AHTRMAMTNCAYVTZX,ZORVGFFMRTZHFCDT,XZMOTVZDYAHYJHHD
AHWAYNWOADDVJFOC,ZOGEEWRCJDDYWAWE,GOGOZNHJYVOFHODR
AJXFTZVAZZHWEMCJ,ZOFYEEFNVCGCNRHA,NJTNAXYEYZRDTGOH
AMEZXWCOJRCFNEEW,ZNZMVOYRNROEXOCO,XMZXOZWWECNOJOXG
AMWRAFEWRRDJEDVW,ZNOGREWCMRRHTWDE,VGTTOHDZJNZMFAZR
ANAYZCDHGMEYRDWY,ZNHVCNFZWRATDOOC,YNYJWROTVDMOGHRA
AOCRGGGYJDHXHCRJ,ZMOJFOCCNHFZTNFD,TCTEDRGCHMWADOCN
AOFOMJGJCTMDHYRJ,ZMOEJCHFWDTNRVRT,MEJYMRDMDVHMWARN
AOHHACHZYJYZTEEF,ZMFRAAFNYECXFXAZ,RAJOZAGCJTHNEREX
AOMVYVRXNDWMRGXZ,ZJZJZODORVVEJNOE,YFAVTXEEFNJTMJGY
AOTEOCGMJJHECENJ,ZJWWWRDTHMMWJODV,EZNCEEXRXZWJCDHG
AOVOEAMTFFYEEHOE,ZJFARRAMJADTHYNY,CAGYARNVAYFMJNVX
AOVXEEWXFMNZHATA,ZHXTAWJDZMYTHEOM,OZDXTRNMEJWNCGWY
ATJOMAANYOWYAOWY,ZHXAOOXHCTTYGCRO,AVRAHWATOOOZWFAG
ATWONWNWXECOENEA,ZHWEVHCMZEOVEJGH,NYFAWOFJNWNYHGHO
AVRAHWATOOOZWFAG,ZHRYMFNXAGVDVZXH,MOGZEXWNGFFOWMYH
AVTNNWWOZDRDHFFM,ZHODCNAGVENHCJZH,ROGHXDXHNFXMFGZX
AXOOWODFMEYZNCAO,ZHGRMHVNDCTGNGXN,RNNFGMFFOGZCOOGJ
AXROZZDRTRCWEJOZ,ZGRGOVOXDNZGVCFC,MAOMHYFGWOZHVMTO
AXTOORMGNXRFTRDY,ZFNEDMXFAXANXOTD,WCOXWHWECOEETDTH
AXVONDZHCDZOEMCJ,ZFDTGOCORCNAXVGO,ANAYZCDHGMEYRDWY
AXXFWHNADWEVNOVE,ZEZNFXNAXCACAMHR,JCDOAROZOCOYGGDA
AYDJYZDCXJORCGJE,ZERZEYZNTAJAOYMY,FCYGTHJGDYXCRNXR
AZDXNVVGCFVXROCO,ZEJCYEZNADGOOHEZ,RAWFDETRJWOOHHDX
AZGGXFCYEYVDXOXV,ZEEMNWDWFOCJOFEE,JJNWMJEYHGTOVAWD
AZOWCHENMOFOWVFN,ZDYAMOYMNHXOYTOY,RAXZYWHVMCZZTEOC
AZYNYHFNYOXRRODZ,ZDRCFGTEOCCDCHMW,WHXZHJDAJYXOMROG
CAGMNVHYNAHJTAOY,ZDMONNMDDHZVOFMH,WHOREMRVAGZFFWYM
CAGYARNVAYFMJNVX,YZTOCYENFWOJOHNW,WWOCTODXHNAEVYAF
CAJCOYZDCJHMZWAN,YYGHVGZDFDNNGGWE,EDAXTJHCZOOTJZJY
CANGMXNJHROOYCDN,YXEMFVWHFHZDONTD,RMGRFJFFNJJWHWOR
CAOCCHXNRAJJMOHR,YXCWCOOAEVWVVNAV,VWZHHWYZGWMNVNYO
CAODMVJDAZANMENY,YWYOMHOHCWZHOROJ,WJOWFMRZAYOCEJWO
CATAMDAGEMGENTFY,YWNZARCZNNCNTOHA,RADJZNTVHRDORFAJ
CAXROZHYEJHAXYEA,YWJEXJZJNMEMJEYC,WGFCTXXWFDEGZWVN
CCFFAJMFETCNXETV,YWDAJDAOCJEWOWOZ,ODZRTOOEARTFAMXC
CCROAJRVZCOGOEAE,YWCYHNCVVDVHJJOW,XCROOCVROXWJXAAC
CCVFGHONORHVWCJZ,YVOODERDWZOHXVOV,RAJYJXMGORWNOYCG
CDFFVVAYYOVHXRNR,YTMARHHGXFJVHWRZ,VOAMDJCHTWDRGEVV
CDFOGYWWDOWEYETF,YTHRYHOYVZWOAACJ,CVRVJOXXNRANOHEG
CEMMHEWYHRZORMGJ,YROZEDWFWGEOTJVO,RTYTNVAWMFJOWFHZ
CEMNCJDACMTTAOMO,YRNNJCXVFYERNXGC,TWJZWTVAAOVANFEJ
CFEWCGWRYFMWHMJR,YOVWTGEXACOOTHDJ,MRCJRAYJYYWOOVHY
CGHXZGCXCZFYTVFA,YOTHHXJRTCNMJJOD,OYMZTMHEJGAZFYCA
CGMZAGZYMWWHHRHE,YONRMVTFOFZXRZDD,VYWRCFDGMDHCRNEC
CGNZJZEOYOZGMOZO,YOJFXCDHGCETJRFJ,YTHRYHOYVZWOAACJ
CGXHJZTOCANOMOZN,YNYJWROTVDMOGHRA,MMNXOFMVMXNAEWGH
CJACXFHOOFNANGXZ,YNDRZVMMACYDMTMM,CCROAJRVZCOGOEAE
CJAVXZNMMTANXFHT,YMXYHAHJCWJZDORN,AHNRWGWMVZWEDMHH
CJJDRXYNOGVAYTOW,YMOOROCHNGHCCORO,VCNVGYDEMMHFHDDO
CJNJFDHOHGFVVJOX,YMMVNNRTZERXAZTO,FCMEVVXNDROJOYJC
CJRXWOWNZRWRONHG,YJWZXOWCONHWMOOF,HOHGYWJAZOHXTYEG
CJTAEYGMAAYNMHCH,YJEHFEADYOYEREMM,MYCOVXRWHDMWJMFD
CJTWFTJOXZRTEDWG,YHYCHHFMNTYMFJFO,NCWYYCAOVFMWTAXZ
CJZTTEXWWJZXGENG,YHXEOYNXEDVXVDVZ,AXXFWHNADWEVNOVE
CMMCVMJZFJAOGZCD,YGOMZTENOODYXWGJ,OTZTNOOJHAJOVYZO
CMWVJDTAOHMRDTJD,YGMVVZRGWZAXOTOZ,AEWJVZDHEFVCWTTT
CNCDHWMGAHCNGEXC,YGJJDVMWRNEJFFRN,OVDHYRTACJTZWAZY
CNCJOGYOMCZZERFD,YGEGJAAWNZHTCHGA,WEEDJDYXHWAFFOXM
CNCZVMWROTWTCYZO,YFNFMNXDOMCXWYXT,ENZJHYETGGEYFCZV
CNXOENRJWGRXHZNC,YFAVTXEEFNJTMJGY,DEFFRAZWMANVVCOO
COCEYNROZFGCXZFE,YDZAOADOCOVGNJOJ,JGJOCCDYTHACRRNJ
COGOXJYWGDHAJZMH,YDYHDRAXRAFZGOEC,RJZRTGMDFHWNHTXD
COOYDZDYJOCORYVO,YDTANRWECAGMNTFV,FYNJHXMHAYXCOFDM
COVEDWRYFAYCFYMZ,YDGRDTMZVEDCACRO,JJJODVEEAGYATDYY
COWCDFAHAVONORVA,YDCXNDROZJFZHCAW,NWDAWRHOATHXWMTV
COXMCVAMVYEMRWVO,YCYJGCONTMOACYHF,NOVOYXXYDRNOAFZV
COZJVMVEAOMJXFHR,YCXJEXYCDCOMEGNG,OCNWNXNZORDTHMCT
COZYOJEDZVZFEANW,YCNERRNRADHWOXFT,EVNDRXFRXJHXMJGW
CRDCTTJYWJMXJTDE,YCMWCZNWMMCMHXNW,MNORODAVRJCEACHM
CRFMVEGNAXOYJRXC,XZXDYCNHEVGAZVGW,FNWXHDOGWDVFMDDW
CRFVOHEVCMJHZOYF,XZVRWWEJOJJJWHWT,ZOFYEEFNVCGCNRHA
CRZJFYAZMYTTYVCJ,XZMOTVZDYAHYJHHD,HZGDNOTEJOZWREXG
CTOFFDOZGRRFERVN,XZAAWRONCMYWJXRO,GVTWFGOACWAMRORO
CTWDOFOFMDFYOHDC,XXYRYEXGRJTYVFAO,ERWWHOGCAOJXARMV
CTXEGRDNJOCOFEXZ,XXNYAVHJAZYGVTOX,HDRZOYOFOOGETNNR
CTZJWAMOERGXHHJD,XXHMZXOFWHXMGWAH,VGHWFZONXYZHXYEM
CVRVJOXXNRANOHEG,XXFFFTNACTFYZWOG,JRZNRHCDFEGJJCOV
CXOFADVWVZCEMFDR,XWFOJOFCOZHJCENJ,FOROJAGAOJNOGTJW
CYCNOAXRWFTVYTZM,XWDJGVVCHGWRVFCO,NWWARHDXODADVYXT
CYTNYCODDOOJXZTG,XTVFEVTHRDRFRDJR,OAHXFRFCOFWOGMNJ
CYWFCHHDEVMOORVN,XTDOTRGVOJDYFVHO,AXTOORMGNXRFTRDY
CYXMRXDVGOEONYJD,XOGZNCDZXXTMMGOO,TTROWTRGEHVWNRFV
CZVFODNTJZOWTMMW,XOFWACMGTRMFTOEX,OJOEJJDJDRHXDTXJ
DAAORHYGJJGVFTOD,XOEONXNCHNOHZJJO,DHHOAGFGFTAXCNHA
DAGHJXMYTVDHGROH,XNTHWDGDOMVONTOD,YGMVVZRGWZAXOTOZ
DAHHNMNAMMGGMDJV,XNHENHONHGWYJJCZ,VYTECRJRNCHXYATT
DAHOEOHHDYDOHHNC,XMZXOZWWECNOJOXG,VEDJHDHDVFEEJXRV
DAMFRRVYOGOOZOYY,XMNOMFVZNOZADRGN,OFDMTMAYAVFGZFMT
DAVZOGGCWFNRDOOX,XJMWZOHJXEXJOTCY,FEVZFYHRTYVRYRVA
DAZEDARMHWCCWTRW,XHYXCRNCXYXDEEGW,GYYZNORTOMGZTEOA
DDFZGJHVWRHCVNMG,XGYEFTJDDVTJRMDH,MWFXMYHNTYYOATRZ
DDJZJFRZFZJWHYCT,XGWVOTFWCCVFONTD,JYXXXRXJHWORMOEO
DDMGMYAXZYJOOAOO,XGHVOFTVTMDJHJEO,JOANZFJXACOHVOVG
DEDGMGEFCRTOAMGA,XFOCMGAVFYVHFHXR,XNHENHONHGWYJJCZ
DEFFRAZWMANVVCOO,XFNRAZYHETFFHJVA,XGYEFTJDDVTJRMDH
DEHNEONWTTOAMVJH,XFNHOGVEMRRVJVTV,HGMFTATEXXYMFJXH
DFEDROXEEYZZFOMN,XEZYOONDEAEVJACR,FOCAOOYDWOJDOYOF
DFOOYGOVYCCHOVEO,XEVAOJDDDHWGOORO,EFRCNMWVMARMYXGA
DFXEHVXDOMFCCXHO,XETCAEWOOMYWVVNN,CNCDHWMGAHCNGEXC
DGHXAEVEDRNGDCJV,XEMWVRVMTVXHORTV,ROXWAZWOMCHECAYA
DHEFDRCMRATCYOJF,XDZJVMJGVYDXGCFH,ZMOJFOCCNHFZTNFD
DHFMRZHNJRYDOXNV,XDXHGGZWZDMEOXDN,TJWYJCEJRNTRHMHA
DHHOAGFGFTAXCNHA,XDTVNJFJYDFFAJJT,CAGMNVHYNAHJTAOY
DHNDMMYHXVDOVMDM,XCYZDYCJTXHTRVCJ,DMDAGGWYJDOMXERZ
DHOGAHDDHTODOFOY,XCVOGXEHDRVCEOFM,AGOXDYTHEVYJWVCM
DHXZMWJDEEDDXTOG,XCROOCVROXWJXAAC,DOJXOJOCMYDRZMOR
DJGHTOMHGRZJMWXT,XCRODDYWNMGODWWO,VFTOGDRNCEYFHGCC
DJWFGJMRCDFTVDOT,XCMFMXGZMWFJOGZT,TCJVTTEEOEOOEXAD
DMCZCYZRDJZWZDOZ,XCEYYWFAXWXEAHCZ,YVOODERDWZOHXVOV
DMDAGGWYJDOMXERZ,XCAYJDXGEGCDAYGO,CGXHJZTOCANOMOZN
DMOCXCWZGTVAMOEE,XACYXWGCCVNORDEZ,TMXEVZRVOMWRRWOT
DMZTVFEDXXAEGENO,WZZOYXTOOOEZDVTX,CJTAEYGMAAYNMHCH
DNNNNJHWNJCODRZO,WZAOENEEHXJZAMFR,JJRZGYVOXOWFWOHX
DOFNFTWWNEXZZMRV,WYXDEVZXNAOZZOTY,TNAGFFYJWTONAAMR
DOJXOJOCMYDRZMOR,WYOOVOTTZAOWXOFO,TTCCXHZGHJOOHHOC
DOMTCDAHZZRTZZYH,WYODHAZMYWWXOCMM,GFWZOFJEGZJYOGGY
DORHHOWEZOTJWAEY,WYMGTCZANYNYMMTD,TOVVDJWHGJRCFTOX
DORYHREZMOORHRTN,WXWAJNDTAJNNGFEZ,AXOOWODFMEYZNCAO
DRGJREMOFGOVGEZR,WXNWFFCOOYDXJHWT,WMXGOZOANWMMNVEO
DTEAZXOVZHFEODZN,WXNAREXGDTJDVHWN,OTOAYAONEXAECZFC
DTRVWZOZOTFAOHOA,WXGRCMYVDDHMMHMO,MWTECROMOGHJRWDZ
DTRYOFZDHZNRZNRD,WXCCOZWOTYTZXRYE,ZYWGXNZWTHJVDTEW
DVNXFMGNGHZDXWAN,WXAVFWMOFAJDYVOY,NMZVCFJYWRJAJVDY
DWTXHOGZXVXYFYVF,WWYTRONXZHNAXFCW,MXJAHEMWXNTXFOWA
DXGJVHVRVXEDJHWZ,WWOCTODXHNAEVYAF,MFGYTAEMYJXYOEDZ
DXRDZGEOYOJNOXWW,WWGCYMZGDHDTZGRC,VWWTWJCXMDAARJXZ
DYCHNVORXXWWWZRA,WVZCOHMJFVDDMMEF,HNOZOVWYCYJCFTTV
DYCZTRZXEVMDTROD,WVOAJTFEDTETJOXO,ONETWGOCCOGXYGMM
DYGFMAGJCDEVJJOV,WTGOGAVFYYYACGFO,EOXGHRYWWYMGZAXO
DYTGEFAXRHDXATHZ,WRNFJEFEYGJCWAZO,YMOOROCHNGHCCORO
DZTRYGNNYRNZMVHO,WOWZEODFJHAZMRTO,ZDRCFGTEOCCDCHMW
DZYCHVCGMTMDFWYY,WOVNZOYMGHCREAYW,NANVRVCHRFHXZOGR
DZYRTTDFOHGYOGOZ,WOVJAHYYWTFRZFCE,GCOHAGYAGWAJNHHZ
EATCWXHOYTEDWNJD,WOOTWCZJYFGAONWR,YTMARHHGXFJVHWRZ
ECACZWOHVFMOYEGC,WOOGGFZARYVMCFWW,HODVCVFRXGZJNMEX
ECNXACREOTMFWFJR,WOJVOMXNHNXGXVDN,HCNXZTZZOJDOJOEV
ECVWYOHHYHNOZMMZ,WOEYDVDRYODCETAX,OAOWAFHEZATWOGDT
ECXWWAECWOFYXTCW,WODNGYDWRCWXFXAC,OWDTDOAWJNOJCGXN
EDAXTJHCZOOTJZJY,WNZRTYOOOEVVFXYX,TYNRZFFAYGGCGEWO
EDWCZVRANWANOAAD,WNXRYAJRYTZEYJWC,CAJCOYZDCJHMZWAN
EEFHAEVJCHOXWNMW,WNTVOXEJGTFJFJGY,RMJZTYZMJXOCRFFN
EEHAXXOFZCOCJNTR,WNEEDGZGTYEAGDOF,EOZHDWGTXEOXJYFR
EFCDGMJJZNOFVCCF,WMXGOZOANWMMNVEO,THMTVXDEODZJXMOF
EFCJZNXOEOXNOAYA,WMWCHWZOZCNCWZWY,AOTEOCGMJJHECENJ
EFCVAAXXAVFDZNNM,WJZHEGXRNCWCWVOW,COVEDWRYFAYCFYMZ
EFDORHCMFZCHMOYD,WJOWFMRZAYOCEJWO,MCCNJMVCYWVNTOAJ
EFGCNDOVDZMEMXZE,WJORXYNAVOOWWGVM,HYMXJTAGVHVWOYOA
EFRCNMWVMARMYXGA,WJJJTHVAHOJTHYCF,HFDRWCYRZENTRZDC
EFYOOGEDXCTEVOCF,WHXZHJDAJYXOMROG,TWYOWNZEGRDOGNJJ
EGDAGCDMTZTZOOOG,WHOREMRVAGZFFWYM,JTHGVRWOFJTYJTTZ
EGFGDGHFRJVTOYVH,WHAMVYZETXVEJYCZ,DYCZTRZXEVMDTROD
EGHHGJMOHZRYZHGR,WGGFWAYTXZZDAACE,RCRERXRNDFORWFZT
EGXEHNFAZVXCNGOY,WGFCTXXWFDEGZWVN,RNGWAGOAVGRDDFCC
EHHXEOYEECOVEATW,WFOJCCAGMZAJAXEG,WNXRYAJRYTZEYJWC
EHOYMMEMYTWOVRAT,WFMNAVTDHVOTTTVH,VJEOZOJHJTTOORGO
EHZNMEJEXZHMROGN,WFFATCDRNGXJFHAY,RCWYEMFGNGEDJTRH
EJOGWOEMDZFOTOZH,WETOMANOTOJFHFHR,CYWFCHHDEVMOORVN
EJOMRXXGHWAYCTRT,WEEZJOXGJOXMMTFZ,HYZYJOWNWZNYJXER
EJYGTFFHJYRORDXO,WEEDJDYXHWAFFOXM,NXXYYDRZGJOWGAOZ
EMEHEGROOOADRJCV,WDWJYNVENFXGZJTJ,NOHETFDJZYGORAVF
ENZJHYETGGEYFCZV,WDOVZWHYZFGCCORW,ZHRYMFNXAGVDVZXH
EOARMMONRZFOFHXC,WCOXWHWECOEETDTH,EOTOFXXXETHCXHDR
EOFENMHGGMDZRTCX,WCHTHANFGZNGDZGO,CJNJFDHOHGFVVJOX
EOGNXOGYAFNXEEEO,WCGOWDHATFFXVTHX,XGWVOTFWCCVFONTD
EOTATDWHNOYNTNWG,WCDNXYWGTOFGXONO,WZZOYXTOOOEZDVTX
EOTOFXXXETHCXHDR,WATZFCMYTVJWFTTX,CDFOGYWWDOWEYETF
EOXAJFEYAOODRFWY,WAMXMYATMJCDZHYJ,RAOJNETYNDOEVVGM
EOXGHRYWWYMGZAXO,WAJRDCEVDTOFZVOX,ZRYJFXGHORNAJDDC
EOYCAXERFRMMCERX,VZECWXCVTZGDYANN,HNOGZZZCWDOOTVWW
EOZHDWGTXEOXJYFR,VYZWRYOAJGDEEGVM,EHHXEOYEECOVEATW
ERAWYNJWAOYJMCEG,VYZEJOXOTGNDXEAC,JRNWONDRZYFOMMOJ
ERWWHOGCAOJXARMV,VYXXFZOVCDNOOYCW,GXJOYNNORYWGYTAC
ETTONRHXZCJYEXXE,VYWRCFDGMDHCRNEC,RWVWRRROOCOEDARX
EVNDRXFRXJHXMJGW,VYTGGYCHAANXONYD,JHARADFMWGVHROAW
EVOXJWMYFZHHFNMZ,VYTECRJRNCHXYATT,GMTADCOHWEENMYCW
EVTJRFOMEXXGCFZT,VYOOWJNOYDJDXJJW,GVHGOZMRDGRDGXWH
EXGVNWVJOMNEWOEG,VXTWAAWAHDGCEZHA,WCHTHANFGZNGDZGO
EXRFMOOTXEZXRCNX,VXEXOMOMJXWMRODV,TNCMGFZWGXEWHVYT
EXVGODZGFDAOHMOW,VXEDOVGTZWFNHYCH,VGOXWRMOGJWFAJWY
EXXOGVYEHEZYAMXO,VWZHHWYZGWMNVNYO,TNOVAODWRNYWJJZH
EXXZCARAWEYGDYTG,VWWTWJCXMDAARJXZ,ZNOGREWCMRRHTWDE
EXZDWFYROOZAGXMD,VWOXZNFCADAYXVEZ,JYDCCCWAYJDVRZET
EYAOJGHDGMOZJHGR,VWOAOWHOWFOMXZEO,ZFNEDMXFAXANXOTD
EZNCEEXRXZWJCDHG,VWOAOMHGMARWYYYE,GDZDXFYMYCVMOYAJ
EZTNHMCAJAAWTFOV,VVNNYMNECANOEOJR,TNJXEEOFHXNRRROA
EZZXDYVVGWFXFZOF,VVGOCEJCHONRTCRW,AOVXEEWXFMNZHATA
FADCEOHANMAEOVRV,VVEORYDGFFNVWWAW,TWRDHOJOOCOMZOAW
FADXMXWOXHXMHXCT,VTRZECDODFHJZAGY,COZYOJEDZVZFEANW
FAFXEVJANRMOCVCO,VTJWDXGOGMRXFVOO,CNXOENRJWGRXHZNC
FAGTHOANVOVZOXOE,VTETRXNVMMONXFRX,XOFWACMGTRMFTOEX
FANVCAJNNYNOFMTC,VRZDXZJCTXRORHOC,ZHGRMHVNDCTGNGXN
FCAAWROHNJHARCOO,VRVNNWGECYNOJVFC,XCEYYWFAXWXEAHCZ
FCCONHONMZFATWVO,VRRXDNFNJNYFTGYA,ZJZJZODORVVEJNOE
FCMEVVXNDROJOYJC,VRNYANZRJEEHWHTZ,EFGCNDOVDZMEMXZE
FCODHEOOGNXREXMC,VRJDOWNTFEHOEWFA,CRDCTTJYWJMXJTDE
FCOWGJWZTWCTOEGN,VOOFAWVYRAFGDRJX,ZWNNYXRNWCNCZMYO
FCYGTHJGDYXCRNXR,VOEVDOJMXCGEFTGF,WOVNZOYMGHCREAYW
FDTFVXXWRTOEZOMT,VOCXHYFWEOMVEVFO,WAMXMYATMJCDZHYJ
FDYFJYDHYCTADXDN,VOAYNYTVTTAWCDAM,RCRXZDHVFRHNXXGN
FEVZFYHRTYVRYRVA,VOAMDJCHTWDRGEVV,VDTAZJZAGOHCDRMZ
FEZYFEAROOFDGACV,VNEODHERVOEDNJVR,ROAVCDJWGYDRJXXE
FFJJFVXRZMGJEERO,VNDCGNWVOMCCODWV,OOTERCCTRWTAJREN
FFMXRAZVOMAXJOVF,VMYWTOODMWAOYMOY,ONHYGDRJTZZWNXMO
FFYFVNZMYDZCCDTO,VMGWNDVAJOZHGOWX,XEVAOJDDDHWGOORO
FGXVMFMRGODEEGAM,VJZCWCWGRNNCZWGE,YNDRZVMMACYDMTMM
FGZFGGJXNHOYDVVV,VJEOZOJHJTTOORGO,RYVHRZCCONYVFTAE
FGZWTGFRCDRYXTDY,VJEHJZDOFGZAXVWZ,AVTNNWWOZDRDHFFM
FHERXYGVVWNWEDTX,VJDRNOXCNRRERTGO,HDDOOWVHDFNCOENF
FHJVWAWEXYOWRJMO,VHNCYVOCHXCXRECD,MHFOZDWORCVHDHZF
FJAJWZAARDHHYEFD,VGTTOHDZJNZMFAZR,VDRDHCZOAYYHYXTO
FJFHVGRGGNZCWYHT,VGTFYVODAEETOYMR,DHOGAHDDHTODOFOY
FJWGXYJNTWJOVXYN,VGOXWRMOGJWFAJWY,JNAAFJEEJEOVVZXY
FMCMAVWMNAWTXXFC,VGHWFZONXYZHXYEM,RROGNCXYGOCNVYDC
FMZFWNFWTHJOMRJT,VGHGRGGAVGNOZODW,GWDZGVMOZGZVWXRJ
FNEYDERNOAYZCTAX,VGAGTWTGJFMXCEXX,JXGRYWXTEWWVZYMH
FNFGCYDMYMWAWXMO,VFWMJJGMWFTWVJAO,CAXROZHYEJHAXYEA
FNWXHDOGWDVFMDDW,VFTRHZWRWDDZMMCA,ODERTRDFNNWNGXTC
FNXTODGOTRNYYVMY,VFTOGDRNCEYFHGCC,MONYFMNFXGVEDDAR
FOCAOOYDWOJDOYOF,VFNAOOJNFDOYONAW,AXVONDZHCDZOEMCJ
FOMMTTWGZFYTFXDM,VEYZCMVHOWDHOAWZ,GEFJZOJCEGROYWTN
FOROJAGAOJNOGTJW,VETRAYONTVTXZOFT,CCFFAJMFETCNXETV
FOWAROTNDMZCMVTG,VEJOMHWXODEOHZFY,METOOOYOHTHYCRFR
FRDAMWDCJMWYHJOC,VEDJHDHDVFEEJXRV,GNZJNOAXYNEOCWXO
FREOMDCNOXTWMZWJ,VDTAZJZAGOHCDRMZ,GOTHFHECYTRXTJTT
FROXDFNGZTCHAMTW,VDRDHCZOAYYHYXTO,OEOGWNJCOEMANJEJ
FRWETZNHYARXMHFG,VDOJDTACDMVVRCOW,WOWZEODFJHAZMRTO
FTAEZFDROYMREGTW,VDNCRFJHYTXCVJJD,YCNERRNRADHWOXFT
FTRZONGZHFROYCCY,VCNVGYDEMMHFHDDO,JDMEWZCJGJARHTWV
FTVEZOFERZCHAHAN,VCNOJVGMRRGRVMZW,FWFGRCROOMTEFHJA
FWCDTDORHXFZRTOV,VCFEEWZAEFTWEOZM,TNDOMGMHWADDNAEO
FWFGRCROOMTEFHJA,VCCJFOTEHOWJZZGM,VYXXFZOVCDNOOYCW
FWOOHJZXRAYYGCZW,VAYDCCDRWFMAHOVH,OHFCMDMOHOMOFORW
FWTMOYHMZWHOAGCC,VAVFEWTGFXVDJEYT,TFHTONFNCXXJGROO
FXJNAXROZWZGHYYH,VAORETNYETZWMDDX,JMFEZFMEVYTVVFOF
FXYJAOZZTOHVAJAY,VANDZFFWVYNNDOYJ,OYFYDNNFZOXVJWMD
FYFFRWYTVRGGVCZF,VAJREGEFGWNCXOHN,OWZVZYEFOEEWNNAE
FYGNVTMMDHXOEWTF,VADDEMCRVTWOAOOF,RGNDHDAMFNDFOTNW
FYGZWZWACODDRFXD,VAAOFOORXWRYDNME,VRJDOWNTFEHOEWFA
FYNJHXMHAYXCOFDM,TZGRMCOJXOHCGVRX,COXMCVAMVYEMRWVO
FYVOTJOEYZEEVNOH,TZGHVYNYTERJRVZM,FFYFVNZMYDZCCDTO
GAMYHOJFFOFFGDOX,TZDRDFAAHCDCROYA,CJJDRXYNOGVAYTOW
GCMVYWAJFTEYAOZW,TYZNGEOVDYCFMWOE,EOARMMONRZFOFHXC
GCOHAGYAGWAJNHHZ,TYOYAZDYWAGMARXO,CJRXWOWNZRWRONHG
GCWNANJXNFRYODZD,TYOOZVZCZHAFARJX,JCFDJEFVTCHRMTAA
GDTDOGNVNMMJAYGT,TYNRZFFAYGGCGEWO,TYOYAZDYWAGMARXO
GDWTGFNFDETWWVTD,TYJNCWZTAWNTVCMT,NNRZVFWCGFVOWXYZ
GDZDXFYMYCVMOYAJ,TYAVEOHFVJFRGRXA,WRNFJEFEYGJCWAZO
GEFJZOJCEGROYWTN,TXRDDXCAWMTGMNFG,DZYCHVCGMTMDFWYY
GFHGOTYZNNRGAWFH,TXMFXJFFXOFONYRZ,HOFZYVFOWFMYZATY
GFWZOFJEGZJYOGGY,TXJOYZAFYAWWOZTZ,JOJDJFYODOWEOOOX
GGAORZJJCVWHRMTJ,TXHDDCGTTJEZAGCV,GGDTHMDAOHDOONZR
GGDTHMDAOHDOONZR,TWZOOOOAHDXWMHAO,FFMXRAZVOMAXJOVF
GGXXGROZJFRACDYM,TWZFEJXXDHVTWWOO,XEZYOONDEAEVJACR
GHJWNOXAGOOTGVDT,TWYOWNZEGRDOGNJJ,FRWETZNHYARXMHFG
GHNVVGMJYGZHTGGC,TWRDHOJOOCOMZOAW,WYXDEVZXNAOZZOTY
GHTXVAYOAGMOEFXW,TWJZWTVAAOVANFEJ,ADZHHAHDMGZVNJFC
GHZJZOERVEAVCYCF,TVVOGGAMOYDHAOYJ,ODREJVORTDHGZYVV
GJHMWNMCJXAETFGD,TVDJDWOZZHXJTMJM,NHXGYMAOYVNRMAOY
GMCMDTMMZZXMHMAO,TVAOTYDFAXOFVYDO,RYYTXGRGXYARRNWY
GMTADCOHWEENMYCW,TTROWTRGEHVWNRFV,ZNZMVOYRNROEXOCO
GNZJNOAXYNEOCWXO,TTFJAXVVDOFNNZNH,OYVEAZMTNOCAEYDO
GNZOFVOZZGAWREMY,TTCCXHZGHJOOHHOC,XZVRWWEJOJJJWHWT
GOGOZNHJYVOFHODR,TRCRDMZAOOGOCDEV,GRCFXFJEMEAGRHYZ
GOJXZDMRJFNCEXET,TOWHNWFHJHGOXNHO,FXYJAOZZTOHVAJAY
GONFRDDZAVAOYHND,TOWAWYCCTMFCHEAF,YWNZARCZNNCNTOHA
GOODMFFGJJGDNGMT,TOVVDJWHGJRCFTOX,HERJACJOWVWYZWDO
GOTHFHECYTRXTJTT,TOOJJTRVMGYXARXD,TJGARETOXVYJOORO
GOTXANGGCGJWZXJM,TOODHOXXVOJJXGRY,HZHZJHRYOGEATGOO
GRCFXFJEMEAGRHYZ,TOHOMHMRWEVEOTTA,EOFENMHGGMDZRTCX
GRFCMNHCJGWOOAAF,TOCOXGGEENGOJDXE,YRNNJCXVFYERNXGC
GROOGMROMGHMZCXT,TNWANAJHANONFGDT,VNDCGNWVOMCCODWV
GTDNWEJROFDADGNH,TNVFFGTJEENHJNCW,MTCDNHZTZHZCZEHR
GVHGOZMRDGRDGXWH,TNRZFHMJEJYJAMNA,CZVFODNTJZOWTMMW
GVMMWVCGDMJCXJGT,TNOVAODWRNYWJJZH,ODOCERFZZFTCOZCJ
GVRAFDMYONXTFFMM,TNJXEEOFHXNRRROA,OFHOOHWHMOXXRNEO
GVTWFGOACWAMRORO,TNDOMGMHWADDNAEO,ZXWDXWCRGNHHWTJF
GWDZGVMOZGZVWXRJ,TNCMGFZWGXEWHVYT,DAGHJXMYTVDHGROH
GWWNYJHVEOWNHRRY,TNAGFFYJWTONAAMR,EFDORHCMFZCHMOYD
GWXYYOGGENHAGOYN,TMXEVZRVOMWRRWOT,ZYVCGOYRVZXYCOTO
GXGJOFZZFVFCFECW,TMDWHJXJTEVCZDGV,AXROZZDRTRCWEJOZ
GXJOYNNORYWGYTAC,TJWYJCEJRNTRHMHA,VHNCYVOCHXCXRECD
GYXHFAOTRWXEJHCV,TJVTVVEMZAYXOMMJ,WEEZJOXGJOXMMTFZ
GYYZNORTOMGZTEOA,TJGEWTRRDGAWNMEO,HNFGRZETWFJDGORW
HAFDGAMNYDTXYHXX,TJGARETOXVYJOORO,TYAVEOHFVJFRGRXA
HAGFGJAAHGDTFHHR,THXMARNGJFVXCJGT,OHCAOYXJJRYGVHZW
HCATOAZZOEDXOZGE,THVOHOGRFNOOTAWW,NROHGNNEJTRMZHXR
HCNTDMWFDTAEWEYC,THMTVXDEODZJXMOF,DDMGMYAXZYJOOAOO
HCNXZTZZOJDOJOEV,THGYOOVMRTROXCEV,NADMTMHFOCDHOFWR
HDCWDTJVHNEVCVNE,TGZYXNRHAJFRNCEA,XNTHWDGDOMVONTOD
HDDOOWVHDFNCOENF,TGZTROEVEROEHZTN,ZTHOTRWEWVVXHFRM
HDHEMGEMDRDFOEZN,TGMRVWMDRGODTHEY,VJEHJZDOFGZAXVWZ
HDORTFAGOVOZFTMW,TFHTONFNCXXJGROO,ZHXTAWJDZMYTHEOM
HDRXEORXAXJNWVEY,TFCFORTEXYXXOHMA,XTVFEVTHRDRFRDJR
HDRZOYOFOOGETNNR,TEEJXEOTYNGJCCYE,COWCDFAHAVONORVA
HERJACJOWVWYZWDO,TEDYYWCGJOVONXEJ,EFYOOGEDXCTEVOCF
HEXJREDMYCHOTMEC,TDYWJRYCACZJWFOO,XHYXCRNCXYXDEEGW
HFDRWCYRZENTRZDC,TDWRWTYYRVFFHAOC,VJZCWCWGRNNCZWGE
HFDXFDATHONJGGWO,TCZENVMEWMMMXJME,TGMRVWMDRGODTHEY
HFEMGGZYJYXYRHXJ,TCTEDRGCHMWADOCN,VAYDCCDRWFMAHOVH
HFEMJROMYWZNXWOH,TCOOORYOZXNZWOZO,RWTNDRTTWOVVEVTT
HGJXOMCJMACJVVOE,TCJVTTEEOEOOEXAD,JRTYTWDFEAYWMOEO
HGMFTATEXXYMFJXH,TARATROVMWCECNVN,THXMARNGJFVXCJGT
HGWWAOYZANXDFFEV,RZOWEROCOYYNMHFZ,MVMTWHCOVDNHFGMY
HGZGJWHXTVFZETCH,RZOVGAAFTFFMVGOR,JXYNNOHYTNOWJGGC
HHCJAEXFAHEVOFCC,RYYTXGRGXYARRNWY,VFTRHZWRWDDZMMCA
HHHDCXWAXRAXDHWH,RYVHRZCCONYVFTAE,HGZGJWHXTVFZETCH
HJAMFCJZAVOTHXWY,RYRZJDXHJDEFFXWY,VMYWTOODMWAOYMOY
HJHMMOHYWOMYHFDZ,RYOVOVDRFMFCMCWG,TARATROVMWCECNVN
HJOXGXMCOOYDRJWO,RXWFWXWHTGETHZDW,FOWAROTNDMZCMVTG
HMWZTOOMGJGXEJZJ,RXVOOAGYWXHWNFMX,ZRJHZOOWZDRRENYR
HNFGRZETWFJDGORW,RXOGRXEOHOGCORYO,OOWODMFXVVNCOWOH
HNOGZZZCWDOOTVWW,RWVWRRROOCOEDARX,AHWAYNWOADDVJFOC
HNOZOVWYCYJCFTTV,RWTNDRTTWOVVEVTT,DTEAZXOVZHFEODZN
HOCJOGOOOHZFZTGH,RWMMTNCDNRGORVGY,DZTRYGNNYRNZMVHO
HOCYODEEZRAACZTG,RWMJOWDODTAAONZT,VOOFAWVYRAFGDRJX
HODDRXERZZXOOXHO,RTYTNVAWMFJOWFHZ,OARMOAVCXVTRXZRO
HODVCVFRXGZJNMEX,RTMDOYEZMYDCCFYA,WFOJCCAGMZAJAXEG
HOFZYVFOWFMYZATY,RROGNCXYGOCNVYDC,ZGRGOVOXDNZGVCFC
HOGVJYOMNHJAYGAA,ROZGTMROTAGOGJXX,VGHGRGGAVGNOZODW
HOHGYWJAZOHXTYEG,ROXWAZWOMCHECAYA,RZOVGAAFTFFMVGOR
HOMZEMHCRHYHWNDY,ROGHXDXHNFXMFGZX,YGOMZTENOODYXWGJ
HRFDJOHYOJDYTNGJ,ROAVCDJWGYDRJXXE,XMNOMFVZNOZADRGN
HRGFHARTZODRAMWW,RNNFGMFFOGZCOOGJ,MECDHDYJJDOJOGYT
HRZOZZMVWAGGCMAN,RNGWAGOAVGRDDFCC,DAHHNMNAMMGGMDJV
HTOWGEYXMFCCZYAJ,RMJZTYZMJXOCRFFN,OYCONODORFVAGOTM
HVCFAVCORHRNVVMJ,RMGRFJFFNJJWHWOR,TZGHVYNYTERJRVZM
HVDGDWVFHJXMJGNR,RJZRTGMDFHWNHTXD,MOMJRGWDVXJNAJMN
HVEXWYJXVYAMEORW,RJXVENVCOJHTYEHR,FNFGCYDMYMWAWXMO
HVJOHRYTOCWXACWN,RHNCOZTGAGCXTMRN,HMWZTOOMGJGXEJZJ
HVVAAHHDNOCZHJCX,RHFROTFDGGOTMVDC,JAYDEDMMFNVJXDMT
HWEJAVDVAJRCFVGA,RHDFTYOFVVDYWDTE,FCOWGJWZTWCTOEGN
HWGHMDFOXRXTZVZG,RGYHFAGOMMOFDNHZ,XXFFFTNACTFYZWOG
HWVGWTOVTRRDWAJJ,RGXFOXJACACGCXER,RGDYOOREWDWVONHO
HXMJROGJXOAHYECR,RGNDHDAMFNDFOTNW,ZRVTRHHWFRXHWXYG
HXXHACONYWFEWEXY,RGDYOOREWDWVONHO,HOCYODEEZRAACZTG
HYMXJTAGVHVWOYOA,RGCMNXYOOXYGZHYJ,NWJDONXOVGNHCADG
HYZYJOWNWZNYJXER,RFWFJCOOMTTRXCNA,OYMOTFFWGNREZNJW
HZAXMVHCWNJXCJFH,RFTETZFZXEVZXJTN,FDTFVXXWRTOEZOMT
HZDEFZXGXRFJFMCC,RFFZEOREHMFOMXOF,ZHODCNAGVENHCJZH
HZEVOTXTJAFXNDRR,RETHTWMJDEDXYOAZ,OOCMRRONWCYGGNOH
HZGDNOTEJOZWREXG,RENDZEEOZDOGVXAG,NOZHFTYGHWHRANDX
HZHZJHRYOGEATGOO,RECODTEGHFXEJONO,CRFMVEGNAXOYJRXC
JAYDEDMMFNVJXDMT,RDZOOZOTMGGMWNTD,GHZJZOERVEAVCYCF
JCDOAROZOCOYGGDA,RDJWXWDGFXRWJDHN,GGXXGROZJFRACDYM
JCFDJEFVTCHRMTAA,RDDMROMWMTVHAWAC,EOGNXOGYAFNXEEEO
JCYYOGODDHENVNHC,RCWYEMFGNGEDJTRH,FTRZONGZHFROYCCY
JDEEWJONMFAHJMMR,RCRXZDHVFRHNXXGN,NZOGZGVRGACEDXHC
JDFDOOZAVNOYVDVN,RCRERXRNDFORWFZT,XZXDYCNHEVGAZVGW
JDMEWZCJGJARHTWV,RAXZYWHVMCZZTEOC,XCVOGXEHDRVCEOFM
JEHNZAOVORMWMGWN,RAWFDETRJWOOHHDX,OWHMNGHHYDECDDAX
JEOGGOVXJHEHECYZ,RAOJNETYNDOEVVGM,TDWRWTYYRVFFHAOC
JFADFDOTTDCZTGGO,RAJYJXMGORWNOYCG,AHOXMOANCECVAFYA
JFJFEMJVRFFFORMC,RAJOZAGCJTHNEREX,FNEYDERNOAYZCTAX
JFZENYYGJOXZCWOJ,RADJZNTVHRDORFAJ,EXXZCARAWEYGDYTG
JGJOCCDYTHACRRNJ,OZONYOWOOECHDROG,DOMTCDAHZZRTZZYH
JGMGAHRMWOCHTAGZ,OZNOZMEMVZAOHTDG,YCXJEXYCDCOMEGNG
JHARADFMWGVHROAW,OZDXTRNMEJWNCGWY,VVNNYMNECANOEOJR
JHFAWFGVOXJGGGHG,OYVEAZMTNOCAEYDO,NGZEVOXCDRMXCADR
JHFWHHOFAVTTDGGF,OYMZTMHEJGAZFYCA,DHXZMWJDEEDDXTOG
JHTMGTTYOJNVGVMG,OYMOTFFWGNREZNJW,EZZXDYVVGWFXFZOF
JHVGWXOOONGZVOWH,OYFYDNNFZOXVJWMD,DGHXAEVEDRNGDCJV
JJEVCTHOWYOADVTR,OYFGEJXVFOGGECHG,VTRZECDODFHJZAGY
JJGXVNRGCCHVGTGE,OYCONODORFVAGOTM,ATJOMAANYOWYAOWY
JJJODVEEAGYATDYY,OXNGCOARMGXDNVJF,YXEMFVWHFHZDONTD
JJMAWJTWXOGDOZCC,OXAWGYDWWEMOJDHV,OOEZGOVAWGZOXODE
JJNWMJEYHGTOVAWD,OWZVZYEFOEEWNNAE,TNRZFHMJEJYJAMNA
JJRZGYVOXOWFWOHX,OWYOOAGJEYHNVJFV,JJEVCTHOWYOADVTR
JJZDEMHGOFOFNTOO,OWOVYEYGFENVGFAH,OZONYOWOOECHDROG
JMFEZFMEVYTVVFOF,OWMXXMOGXOVFDHDX,EXRFMOOTXEZXRCNX
JMWGGTAHRYMHOVTV,OWMGMOZZMAZEDYAG,VRZDXZJCTXRORHOC
JNAAFJEEJEOVVZXY,OWHMNGHHYDECDDAX,OGDJFRRMRRCOTVMR
JNMGCFZTJOXZWAXO,OWDXCVOMEVTEJYXX,VXEDOVGTZWFNHYCH
JNONOVOWDHAHWCMV,OWDTDOAWJNOJCGXN,VDOJDTACDMVVRCOW
JOANZFJXACOHVOVG,OVZVJCVFRXVNHAHD,FYVOTJOEYZEEVNOH
JODNVZWHOZVDFRTD,OVYHYEDWAJJYEOAW,COCEYNROZFGCXZFE
JODWGHTNYTGOOOZF,OVXRYXRXFEFJOMXF,FCAAWROHNJHARCOO
JODXOFDEVOCEYJXO,OVOMJATOOOGJFYMH,HVEXWYJXVYAMEORW
JOEYFDFNDDXFRTZT,OVDWOZXHTENJHHFY,AFOTVNYHVGGRGCRM
JOFOHJOYMAREAZCZ,OVDRWHMFRNVJZEDZ,NNGMMNFDDYXOVNTJ
JOJDJFYODOWEOOOX,OVDHYRTACJTZWAZY,GCWNANJXNFRYODZD
JOOWAVODYVTHDDOF,OTZZRGZOFGHOMRAY,FMCMAVWMNAWTXXFC
JRAWEFTOXDOOFDTC,OTZTNOOJHAJOVYZO,WOVJAHYYWTFRZFCE
JRNWONDRZYFOMMOJ,OTOAYAONEXAECZFC,EGFGDGHFRJVTOYVH
JRTYTWDFEAYWMOEO,OTMCONCEOEYFVOOH,YWYOMHOHCWZHOROJ
JRZNRHCDFEGJJCOV,OTJZETHEHVNAWWNO,CFEWCGWRYFMWHMJR
JTFDDRCYFAMOYOOO,ORXRHGWDZMEJEWYN,JTVXWWGVAAGXHNOH
JTHGVRWOFJTYJTTZ,ORWZCAMTJVANCTON,AAVGENNWRWHRHGZW
JTMWXNVYJNJJXOEJ,OROXVDTJWFJMOEAY,CJZTTEXWWJZXGENG
JTTTROORGXJFXCWH,OREEXAEMWWMXXZFN,GRFCMNHCJGWOOAAF
JTVXWWGVAAGXHNOH,OOZGMOZDNVGOJAEC,AOFOMJGJCTMDHYRJ
JVHHOTWFCVXOAYVO,OOYEOODMACRTJGXG,WFFATCDRNGXJFHAY
JXFOHGMTGNCMHVMZ,OOXETAJFWZGORJXC,ZDMONNMDDHZVOFMH
JXGRYWXTEWWVZYMH,OOWODMFXVVNCOWOH,VDNCRFJHYTXCVJJD
JXYNNOHYTNOWJGGC,OOVJFGTDAAYGYTCV,OOZGMOZDNVGOJAEC
JYDCCCWAYJDVRZET,OOTERCCTRWTAJREN,TTFJAXVVDOFNNZNH
JYFODRXOTMTDNGTC,OORWOONWEXRJRYGY,DFXEHVXDOMFCCXHO
JYVCCNTYOCOOZWOF,OORTGDYJVONMJARM,VAORETNYETZWMDDX
JYXJYRGFXWNRZCOW,OOOARWWJAOJEOGHO,FHERXYGVVWNWEDTX
JYXXXRXJHWORMOEO,OOEZGOVAWGZOXODE,HAFDGAMNYDTXYHXX
JZJAOZOZEJZCTDDX,OODWFGJZXVZMXHJW,OVDRWHMFRNVJZEDZ
MAOMHYFGWOZHVMTO,OOCWFWZDVJOJRAVF,AOMVYVRXNDWMRGXZ
MAXTOJMOHOGCOGTX,OOCMRRONWCYGGNOH,EXGVNWVJOMNEWOEG
MCCNJMVCYWVNTOAJ,ONZGTFWOGTOZNRWF,EOYCAXERFRMMCERX
MCDXOZDFTMNEOVEN,ONXNAMXHGCJHAMYG,DFEDROXEEYZZFOMN
MCEFANHOGHDJWJVN,ONMXDEAFHARCRVFE,AHTRMAMTNCAYVTZX
MCNNVXGHVNCDEHWX,ONHYGDRJTZZWNXMO,VTETRXNVMMONXFRX
MCRNATRONTJZRXRD,ONHHNVZJFOORRXGN,GTDNWEJROFDADGNH
MDGAADOCGDTJXTME,ONEWHFFZVCRHCOYJ,OWMGMOZZMAZEDYAG
MECDHDYJJDOJOGYT,ONETWGOCCOGXYGMM,CATAMDAGEMGENTFY
MEFWAOXJXWAMRVVR,ONEEGHEDOOHEVFOC,OHXXDNDDHNGOZHWJ
MEGRCOAFNFFFVFXD,OMVFYOZGDOWXOJAD,HWGHMDFOXRXTZVZG
MEJYMRDMDVHMWARN,OMTZMTDGVYYMATXE,EFCDGMJJZNOFVCCF
METOOOYOHTHYCRFR,OMEXOWGACOROJFCH,FYFFRWYTVRGGVCZF
MEZAJNHRJMDFHOZO,OJXXEOXCXZYGVEOZ,OCMWYRXCWZXYFZCX
MFCCEOZDCXTRAFEY,OJWOWAFNRFWENOZO,ZFDTGOCORCNAXVGO
MFDHCJJODDHZJRAN,OJOEJJDJDRHXDTXJ,YOJFXCDHGCETJRFJ
MFGYTAEMYJXYOEDZ,OHZYMNRDFOTETNCN,THGYOOVMRTROXCEV
MFNZVECOZJRVFHJE,OHZAOJVWYODOOGYN,WWYTRONXZHNAXFCW
MFWRZXWHTXYFAOOV,OHXXDNDDHNGOZHWJ,YWJEXJZJNMEMJEYC
MGOGJWTGOWAGGXZE,OHWHHOEMDGVCONOC,CTXEGRDNJOCOFEXZ
MGONTRHXVAHARZVF,OHRHWTWDCMJHYOXO,WDOVZWHYZFGCCORW
MHFOZDWORCVHDHZF,OHFCMDMOHOMOFORW,HDCWDTJVHNEVCVNE
MJEEDGNYTOHYREAC,OHCAOYXJJRYGVHZW,WCGOWDHATFFXVTHX
MMNXOFMVMXNAEWGH,OGMMTHMVXFOACFVG,FADCEOHANMAEOVRV
MMWAHRFGDRCXTOGT,OGFMEZXVNFEFENHH,ECACZWOHVFMOYEGC
MMYEENJEJDNXGADG,OGEVMEECJTNNWHEX,JGMGAHRMWOCHTAGZ
MMZJVHYZWNFOVEEY,OGDJFRRMRRCOTVMR,VWOXZNFCADAYXVEZ
MNORODAVRJCEACHM,OGAGWYDFVOTOCGOY,XFOCMGAVFYVHFHXR
MNYDTFVDZHFRZXJF,OFTTOGXZCAEYECDV,XCRODDYWNMGODWWO
MOEDETMJROMTROFC,OFMMDNJCFWJNJMRX,FNXTODGOTRNYYVMY
MOFOGYXYDNRYMNXA,OFJOOHTGRMEAHEAM,VAAOFOORXWRYDNME
MOGZEXWNGFFOWMYH,OFHOOHWHMOXXRNEO,GDWTGFNFDETWWVTD
MOMJRGWDVXJNAJMN,OFDMTMAYAVFGZFMT,ODTNYJJVCAONCDEE
MOMTHZJDMHFYYVME,OEOGWNJCOEMANJEJ,RGCMNXYOOXYGZHYJ
MONYFMNFXGVEDDAR,OEDAFRGYXCEWDECM,VYOOWJNOYDJDXJJW
MRCJRAYJYYWOOVHY,ODZRTOOEARTFAMXC,MXOVVMOVAYWCNEOF
MRXOECCROCVOAXTY,ODWHHOCHCMVHJWON,OFMMDNJCFWJNJMRX
MTCDNHZTZHZCZEHR,ODTNYJJVCAONCDEE,OVXRYXRXFEFJOMXF
MVMGZFJXFEWOMZFM,ODRHONMJYOEVXYYD,YDZAOADOCOVGNJOJ
MVMTWHCOVDNHFGMY,ODREJVORTDHGZYVV,TGZYXNRHAJFRNCEA
MVOGXNFNVDORRHWO,ODOHORAWOMACXVYC,MEZAJNHRJMDFHOZO
MVYGMCVAVNTGODJV,ODOCERFZZFTCOZCJ,RYOVOVDRFMFCMCWG
MWFXMYHNTYYOATRZ,ODJWDREYGHZWGVVV,YXCWCOOAEVWVVNAV
MWTECROMOGHJRWDZ,ODGDXCCDCOFOHFHG,TRCRDMZAOOGOCDEV
MXAYFWNWXNZNVRXR,ODFXFNRRGOHONWXR,JJMAWJTWXOGDOZCC
MXCGXXDCFTWXWOFA,ODERTRDFNNWNGXTC,GROOGMROMGHMZCXT
MXGDTNZEJEMECRGO,OCWXCTWTMTHCGWCO,MJEEDGNYTOHYREAC
MXJAHEMWXNTXFOWA,OCODJGHXRTAGAAOJ,FTVEZOFERZCHAHAN
MXOVVMOVAYWCNEOF,OCNWNXNZORDTHMCT,TDYWJRYCACZJWFOO
MXWXOZEHAFCWHOOF,OCMWYRXCWZXYFZCX,DNNNNJHWNJCODRZO
MXZOYHZRJTFWXHXJ,OCGCYOFWNYRCOVEV,VZECWXCVTZGDYANN
MYCOVXRWHDMWJMFD,OARMOAVCXVTRXZRO,ECVWYOHHYHNOZMMZ
MYONACYHGJHRXHXO,OAOWAFHEZATWOGDT,HFDXFDATHONJGGWO
MYOOCZHNARWXJYOC,OAHXFRFCOFWOGMNJ,JDEEWJONMFAHJMMR
MZDHADCFREMZXOEE,NZWFNYTTDJMNDJZA,TJVTVVEMZAYXOMMJ
MZMFTFFRWHDFETYO,NZTOXWHOEMOXGJAJ,ECXWWAECWOFYXTCW
MZWTYJJAJREZCMNZ,NZOGZGVRGACEDXHC,MDGAADOCGDTJXTME
NADFOGDRXZRNROYC,NZOEMXXGDANTVDWO,WOOGGFZARYVMCFWW
NADMTMHFOCDHOFWR,NZNVCGZCDOOXECNF,HAGFGJAAHGDTFHHR
NAMZOZOCDAOMOFCE,NZDHVZZJMGXZJJRW,OXAWGYDWWEMOJDHV
NANVRVCHRFHXZOGR,NZDGTEMOVWNVGMVA,ZEJCYEZNADGOOHEZ
NCWYYCAOVFMWTAXZ,NYTGTZOXFNNAOJEO,CDFFVVAYYOVHXRNR
NDCOWAFWOZYFEDNO,NYFFJVHAVGXEXXVY,WCDNXYWGTOFGXONO
NDYCVWJAVVEXOVOA,NYFAWOFJNWNYHGHO,ZHWEVHCMZEOVEJGH
NEODXFZMRFDCCENW,NXXYYDRZGJOWGAOZ,EXVGODZGFDAOHMOW
NETNNAHFFMMJNONG,NWWARHDXODADVYXT,OJWOWAFNRFWENOZO
NFEEHAMENHACWJYT,NWOEOOTJCZGROFZG,TEEJXEOTYNGJCCYE
NGMVCWVHWNVHDWOH,NWJDONXOVGNHCADG,MRXOECCROCVOAXTY
NGZEVOXCDRMXCADR,NWHZCTDMZMNJNAOR,AFCTAVHXMWXJZOHR
NHFFEHGFYOFEGGZG,NWHWDVHDVETEOOCZ,VANDZFFWVYNNDOYJ
NHHECROGZYHFOCDJ,NWDAWRHOATHXWMTV,RHDFTYOFVVDYWDTE
NHOMTTYVNCOOTJAO,NVZGOFWCWYMJOENF,NZTOXWHOEMOXGJAJ
NHXGYMAOYVNRMAOY,NTHZCTXOFRDOORRG,HHHDCXWAXRAXDHWH
NJTNAXYEYZRDTGOH,NTHCOVDCMOWOZANW,HWEJAVDVAJRCFVGA
NMOHZTCTJAEMOCRR,NTGEFOVZNVFYOZZA,TMDWHJXJTEVCZDGV
NMZVCFJYWRJAJVDY,NROHGNNEJTRMZHXR,NVZGOFWCWYMJOENF
NNFVXRWHATWENDJT,NRDZJZNERCONWEHA,NWHWDVHDVETEOOCZ
NNGMMNFDDYXOVNTJ,NOZHFTYGHWHRANDX,ETTONRHXZCJYEXXE
NNRZVFWCGFVOWXYZ,NOWXANTGOYJVMZGE,EATCWXHOYTEDWNJD
NOHETFDJZYGORAVF,NOVWCEYHFMGJXWWA,GHJWNOXAGOOTGVDT
NOJTMYWJMOOCWOTE,NOVOYXXYDRNOAFZV,HFEMGGZYJYXYRHXJ
NOVOYXXYDRNOAFZV,NOJTMYWJMOOCWOTE,WHAMVYZETXVEJYCZ
NOVWCEYHFMGJXWWA,NOHETFDJZYGORAVF,CNCZVMWROTWTCYZO
NOWXANTGOYJVMZGE,NNRZVFWCGFVOWXYZ,TOODHOXXVOJJXGRY
NOZHFTYGHWHRANDX,NNGMMNFDDYXOVNTJ,YJEHFEADYOYEREMM
NRDZJZNERCONWEHA,NNFVXRWHATWENDJT,RYRZJDXHJDEFFXWY
NROHGNNEJTRMZHXR,NMZVCFJYWRJAJVDY,MFCCEOZDCXTRAFEY
NTGEFOVZNVFYOZZA,NMOHZTCTJAEMOCRR,XWDJGVVCHGWRVFCO
NTHCOVDCMOWOZANW,NJTNAXYEYZRDTGOH,JZJAOZOZEJZCTDDX
NTHZCTXOFRDOORRG,NHXGYMAOYVNRMAOY,ORWZCAMTJVANCTON
NVZGOFWCWYMJOENF,NHOMTTYVNCOOTJAO,MXWXOZEHAFCWHOOF
NWDAWRHOATHXWMTV,NHHECROGZYHFOCDJ,JTTTROORGXJFXCWH
NWHWDVHDVETEOOCZ,NHFFEHGFYOFEGGZG,FHJVWAWEXYOWRJMO
NWHZCTDMZMNJNAOR,NGZEVOXCDRMXCADR,HHCJAEXFAHEVOFCC
NWJDONXOVGNHCADG,NGMVCWVHWNVHDWOH,MCNNVXGHVNCDEHWX
NWOEOOTJCZGROFZG,NFEEHAMENHACWJYT,JHFWHHOFAVTTDGGF
NWWARHDXODADVYXT,NETNNAHFFMMJNONG,MVMGZFJXFEWOMZFM
NXXYYDRZGJOWGAOZ,NEODXFZMRFDCCENW,RXWFWXWHTGETHZDW
NYFAWOFJNWNYHGHO,NDYCVWJAVVEXOVOA,TWZFEJXXDHVTWWOO
NYFFJVHAVGXEXXVY,NDCOWAFWOZYFEDNO,ZWJTTTMTZTTROOFG
NYTGTZOXFNNAOJEO,NCWYYCAOVFMWTAXZ,OGFMEZXVNFEFENHH
NZDGTEMOVWNVGMVA,NANVRVCHRFHXZOGR,FAGTHOANVOVZOXOE
NZDHVZZJMGXZJJRW,NAMZOZOCDAOMOFCE,HFEMJROMYWZNXWOH
NZNVCGZCDOOXECNF,NADMTMHFOCDHOFWR,OOCWFWZDVJOJRAVF
NZOEMXXGDANTVDWO,NADFOGDRXZRNROYC,ROZGTMROTAGOGJXX
NZOGZGVRGACEDXHC,MZWTYJJAJREZCMNZ,GVRAFDMYONXTFFMM
NZTOXWHOEMOXGJAJ,MZMFTFFRWHDFETYO,TZDRDFAAHCDCROYA
NZWFNYTTDJMNDJZA,MZDHADCFREMZXOEE,NYTGTZOXFNNAOJEO
OAHXFRFCOFWOGMNJ,MYOOCZHNARWXJYOC,ZWVWRFOEJECCWYVW
OAOWAFHEZATWOGDT,MYONACYHGJHRXHXO,YHYCHHFMNTYMFJFO
OARMOAVCXVTRXZRO,MYCOVXRWHDMWJMFD,TXRDDXCAWMTGMNFG
OCGCYOFWNYRCOVEV,MXZOYHZRJTFWXHXJ,OGEVMEECJTNNWHEX
OCMWYRXCWZXYFZCX,MXWXOZEHAFCWHOOF,RGYHFAGOMMOFDNHZ
OCNWNXNZORDTHMCT,MXOVVMOVAYWCNEOF,NHFFEHGFYOFEGGZG
OCODJGHXRTAGAAOJ,MXJAHEMWXNTXFOWA,YCMWCZNWMMCMHXNW
OCWXCTWTMTHCGWCO,MXGDTNZEJEMECRGO,ATWONWNWXECOENEA
ODERTRDFNNWNGXTC,MXCGXXDCFTWXWOFA,NFEEHAMENHACWJYT
ODFXFNRRGOHONWXR,MXAYFWNWXNZNVRXR,ZMOEJCHFWDTNRVRT
ODGDXCCDCOFOHFHG,MWTECROMOGHJRWDZ,MOEDETMJROMTROFC
ODJWDREYGHZWGVVV,MWFXMYHNTYYOATRZ,JRAWEFTOXDOOFDTC
ODOCERFZZFTCOZCJ,MVYGMCVAVNTGODJV,JDFDOOZAVNOYVDVN
ODOHORAWOMACXVYC,MVOGXNFNVDORRHWO,GWWNYJHVEOWNHRRY
ODREJVORTDHGZYVV,MVMTWHCOVDNHFGMY,MZWTYJJAJREZCMNZ
ODRHONMJYOEVXYYD,MVMGZFJXFEWOMZFM,MXZOYHZRJTFWXHXJ
ODTNYJJVCAONCDEE,MTCDNHZTZHZCZEHR,ODFXFNRRGOHONWXR
ODWHHOCHCMVHJWON,MRXOECCROCVOAXTY,TNVFFGTJEENHJNCW
ODZRTOOEARTFAMXC,MRCJRAYJYYWOOVHY,XGHVOFTVTMDJHJEO
OEDAFRGYXCEWDECM,MONYFMNFXGVEDDAR,DYCHNVORXXWWWZRA
OEOGWNJCOEMANJEJ,MOMTHZJDMHFYYVME,JCYYOGODDHENVNHC
OFDMTMAYAVFGZFMT,MOMJRGWDVXJNAJMN,DMOCXCWZGTVAMOEE
OFHOOHWHMOXXRNEO,MOGZEXWNGFFOWMYH,NZNVCGZCDOOXECNF
OFJOOHTGRMEAHEAM,MOFOGYXYDNRYMNXA,MFWRZXWHTXYFAOOV
OFMMDNJCFWJNJMRX,MOEDETMJROMTROFC,OJXXEOXCXZYGVEOZ
OFTTOGXZCAEYECDV,MNYDTFVDZHFRZXJF,RDZOOZOTMGGMWNTD
OGAGWYDFVOTOCGOY,MNORODAVRJCEACHM,ERAWYNJWAOYJMCEG
OGDJFRRMRRCOTVMR,MMZJVHYZWNFOVEEY,AJXFTZVAZZHWEMCJ
OGEVMEECJTNNWHEX,MMYEENJEJDNXGADG,OROXVDTJWFJMOEAY
OGFMEZXVNFEFENHH,MMWAHRFGDRCXTOGT,WOOTWCZJYFGAONWR
OGMMTHMVXFOACFVG,MMNXOFMVMXNAEWGH,WVZCOHMJFVDDMMEF
OHCAOYXJJRYGVHZW,MJEEDGNYTOHYREAC,CTWDOFOFMDFYOHDC
OHFCMDMOHOMOFORW,MHFOZDWORCVHDHZF,NADFOGDRXZRNROYC
OHRHWTWDCMJHYOXO,MGONTRHXVAHARZVF,ONMXDEAFHARCRVFE
OHWHHOEMDGVCONOC,MGOGJWTGOWAGGXZE,GCMVYWAJFTEYAOZW
OHXXDNDDHNGOZHWJ,MFWRZXWHTXYFAOOV,TCOOORYOZXNZWOZO
OHZAOJVWYODOOGYN,MFNZVECOZJRVFHJE,VOEVDOJMXCGEFTGF
OHZYMNRDFOTETNCN,MFGYTAEMYJXYOEDZ,WAJRDCEVDTOFZVOX
OJOEJJDJDRHXDTXJ,MFDHCJJODDHZJRAN,COOYDZDYJOCORYVO
OJWOWAFNRFWENOZO,MFCCEOZDCXTRAFEY,ECNXACREOTMFWFJR
OJXXEOXCXZYGVEOZ,MEZAJNHRJMDFHOZO,MCEFANHOGHDJWJVN
OMEXOWGACOROJFCH,METOOOYOHTHYCRFR,AFCJZVODTYOVJZMZ
OMTZMTDGVYYMATXE,MEJYMRDMDVHMWARN,XOGZNCDZXXTMMGOO
OMVFYOZGDOWXOJAD,MEGRCOAFNFFFVFXD,RENDZEEOZDOGVXAG
ONEEGHEDOOHEVFOC,MEFWAOXJXWAMRVVR,HVVAAHHDNOCZHJCX
ONETWGOCCOGXYGMM,MECDHDYJJDOJOGYT,JOOWAVODYVTHDDOF
ONEWHFFZVCRHCOYJ,MDGAADOCGDTJXTME,AETFWAMXNYCGNHCF
ONHHNVZJFOORRXGN,MCRNATRONTJZRXRD,GNZOFVOZZGAWREMY
ONHYGDRJTZZWNXMO,MCNNVXGHVNCDEHWX,WDWJYNVENFXGZJTJ
ONMXDEAFHARCRVFE,MCEFANHOGHDJWJVN,DORHHOWEZOTJWAEY
ONXNAMXHGCJHAMYG,MCDXOZDFTMNEOVEN,TWZOOOOAHDXWMHAO
ONZGTFWOGTOZNRWF,MCCNJMVCYWVNTOAJ,OGMMTHMVXFOACFVG
OOCMRRONWCYGGNOH,MAXTOJMOHOGCOGTX,MVOGXNFNVDORRHWO
OOCWFWZDVJOJRAVF,MAOMHYFGWOZHVMTO,HZAXMVHCWNJXCJFH
OODWFGJZXVZMXHJW,JZJAOZOZEJZCTDDX,FDYFJYDHYCTADXDN
OOEZGOVAWGZOXODE,JYXXXRXJHWORMOEO,XXYRYEXGRJTYVFAO
OOOARWWJAOJEOGHO,JYXJYRGFXWNRZCOW,YDTANRWECAGMNTFV
OORTGDYJVONMJARM,JYVCCNTYOCOOZWOF,TOCOXGGEENGOJDXE
OORWOONWEXRJRYGY,JYFODRXOTMTDNGTC,NWOEOOTJCZGROFZG
OOTERCCTRWTAJREN,JYDCCCWAYJDVRZET,OODWFGJZXVZMXHJW
OOVJFGTDAAYGYTCV,JXYNNOHYTNOWJGGC,CXOFADVWVZCEMFDR
OOWODMFXVVNCOWOH,JXGRYWXTEWWVZYMH,ZHXAOOXHCTTYGCRO
OOXETAJFWZGORJXC,JXFOHGMTGNCMHVMZ,NOVWCEYHFMGJXWWA
OOYEOODMACRTJGXG,JVHHOTWFCVXOAYVO,WXNAREXGDTJDVHWN
OOZGMOZDNVGOJAEC,JTVXWWGVAAGXHNOH,MOMTHZJDMHFYYVME
OREEXAEMWWMXXZFN,JTTTROORGXJFXCWH,OTMCONCEOEYFVOOH
OROXVDTJWFJMOEAY,JTMWXNVYJNJJXOEJ,CGNZJZEOYOZGMOZO
ORWZCAMTJVANCTON,JTHGVRWOFJTYJTTZ,RXOGRXEOHOGCORYO
ORXRHGWDZMEJEWYN,JTFDDRCYFAMOYOOO,TYOOZVZCZHAFARJX
OTJZETHEHVNAWWNO,JRZNRHCDFEGJJCOV,CYXMRXDVGOEONYJD
OTMCONCEOEYFVOOH,JRTYTWDFEAYWMOEO,OFTTOGXZCAEYECDV
OTOAYAONEXAECZFC,JRNWONDRZYFOMMOJ,EJYGTFFHJYRORDXO
OTZTNOOJHAJOVYZO,JRAWEFTOXDOOFDTC,EOTATDWHNOYNTNWG
OTZZRGZOFGHOMRAY,JOOWAVODYVTHDDOF,XCMFMXGZMWFJOGZT
OVDHYRTACJTZWAZY,JOJDJFYODOWEOOOX,JODNVZWHOZVDFRTD
OVDRWHMFRNVJZEDZ,JOFOHJOYMAREAZCZ,AMWRAFEWRRDJEDVW
OVDWOZXHTENJHHFY,JOEYFDFNDDXFRTZT,RJXVENVCOJHTYEHR
OVOMJATOOOGJFYMH,JODXOFDEVOCEYJXO,MVYGMCVAVNTGODJV
OVXRYXRXFEFJOMXF,JODWGHTNYTGOOOZF,EFCJZNXOEOXNOAYA
OVYHYEDWAJJYEOAW,JODNVZWHOZVDFRTD,HXXHACONYWFEWEXY
OVZVJCVFRXVNHAHD,JOANZFJXACOHVOVG,RECODTEGHFXEJONO
OWDTDOAWJNOJCGXN,JNONOVOWDHAHWCMV,XTDOTRGVOJDYFVHO
OWDXCVOMEVTEJYXX,JNMGCFZTJOXZWAXO,TVAOTYDFAXOFVYDO
OWHMNGHHYDECDDAX,JNAAFJEEJEOVVZXY,MZDHADCFREMZXOEE
OWMGMOZZMAZEDYAG,JMWGGTAHRYMHOVTV,ZWHCZHOTGZNMNACV
OWMXXMOGXOVFDHDX,JMFEZFMEVYTVVFOF,WNEEDGZGTYEAGDOF
OWOVYEYGFENVGFAH,JJZDEMHGOFOFNTOO,FAFXEVJANRMOCVCO
OWYOOAGJEYHNVJFV,JJRZGYVOXOWFWOHX,WNTVOXEJGTFJFJGY
OWZVZYEFOEEWNNAE,JJNWMJEYHGTOVAWD,EDWCZVRANWANOAAD
OXAWGYDWWEMOJDHV,JJMAWJTWXOGDOZCC,ZJFARRAMJADTHYNY
OXNGCOARMGXDNVJF,JJJODVEEAGYATDYY,GONFRDDZAVAOYHND
OYCONODORFVAGOTM,JJGXVNRGCCHVGTGE,WYMGTCZANYNYMMTD
OYFGEJXVFOGGECHG,JJEVCTHOWYOADVTR,OTJZETHEHVNAWWNO
OYFYDNNFZOXVJWMD,JHVGWXOOONGZVOWH,VFNAOOJNFDOYONAW
OYMOTFFWGNREZNJW,JHTMGTTYOJNVGVMG,OEDAFRGYXCEWDECM
OYMZTMHEJGAZFYCA,JHFWHHOFAVTTDGGF,DAAORHYGJJGVFTOD
OYVEAZMTNOCAEYDO,JHFAWFGVOXJGGGHG,DMZTVFEDXXAEGENO
OZDXTRNMEJWNCGWY,JHARADFMWGVHROAW,HRZOZZMVWAGGCMAN
OZNOZMEMVZAOHTDG,JGMGAHRMWOCHTAGZ,VWOAOMHGMARWYYYE
OZONYOWOOECHDROG,JGJOCCDYTHACRRNJ,ZDYAMOYMNHXOYTOY
RADJZNTVHRDORFAJ,JFZENYYGJOXZCWOJ,RWMMTNCDNRGORVGY
RAJOZAGCJTHNEREX,JFJFEMJVRFFFORMC,EOXAJFEYAOODRFWY
RAJYJXMGORWNOYCG,JFADFDOTTDCZTGGO,NRDZJZNERCONWEHA
RAOJNETYNDOEVVGM,JEOGGOVXJHEHECYZ,YJWZXOWCONHWMOOF
RAWFDETRJWOOHHDX,JEHNZAOVORMWMGWN,NDYCVWJAVVEXOVOA
RAXZYWHVMCZZTEOC,JDMEWZCJGJARHTWV,EMEHEGROOOADRJCV
RCRERXRNDFORWFZT,JDFDOOZAVNOYVDVN,ODGDXCCDCOFOHFHG
RCRXZDHVFRHNXXGN,JDEEWJONMFAHJMMR,JFZENYYGJOXZCWOJ
RCWYEMFGNGEDJTRH,JCYYOGODDHENVNHC,XEMWVRVMTVXHORTV
RDDMROMWMTVHAWAC,JCFDJEFVTCHRMTAA,ACDODXZREVVMNFYN
RDJWXWDGFXRWJDHN,JCDOAROZOCOYGGDA,DEHNEONWTTOAMVJH
RDZOOZOTMGGMWNTD,JAYDEDMMFNVJXDMT,EZTNHMCAJAAWTFOV
RECODTEGHFXEJONO,HZHZJHRYOGEATGOO,ONEWHFFZVCRHCOYJ
RENDZEEOZDOGVXAG,HZGDNOTEJOZWREXG,WXWAJNDTAJNNGFEZ
RETHTWMJDEDXYOAZ,HZEVOTXTJAFXNDRR,DFOOYGOVYCCHOVEO
RFFZEOREHMFOMXOF,HZDEFZXGXRFJFMCC,MXCGXXDCFTWXWOFA
RFTETZFZXEVZXJTN,HZAXMVHCWNJXCJFH,GGAORZJJCVWHRMTJ
RFWFJCOOMTTRXCNA,HYZYJOWNWZNYJXER,YYGHVGZDFDNNGGWE
RGCMNXYOOXYGZHYJ,HYMXJTAGVHVWOYOA,YZTOCYENFWOJOHNW
RGDYOOREWDWVONHO,HXXHACONYWFEWEXY,VEYZCMVHOWDHOAWZ
RGNDHDAMFNDFOTNW,HXMJROGJXOAHYECR,COZJVMVEAOMJXFHR
RGXFOXJACACGCXER,HWVGWTOVTRRDWAJJ,DAZEDARMHWCCWTRW
RGYHFAGOMMOFDNHZ,HWGHMDFOXRXTZVZG,MEGRCOAFNFFFVFXD
RHDFTYOFVVDYWDTE,HWEJAVDVAJRCFVGA,FTAEZFDROYMREGTW
RHFROTFDGGOTMVDC,HVVAAHHDNOCZHJCX,AZDXNVVGCFVXROCO
RHNCOZTGAGCXTMRN,HVJOHRYTOCWXACWN,NTGEFOVZNVFYOZZA
RJXVENVCOJHTYEHR,HVEXWYJXVYAMEORW,WXAVFWMOFAJDYVOY
RJZRTGMDFHWNHTXD,HVDGDWVFHJXMJGNR,HDHEMGEMDRDFOEZN
RMGRFJFFNJJWHWOR,HVCFAVCORHRNVVMJ,OHWHHOEMDGVCONOC
RMJZTYZMJXOCRFFN,HTOWGEYXMFCCZYAJ,GHTXVAYOAGMOEFXW
RNGWAGOAVGRDDFCC,HRZOZZMVWAGGCMAN,GJHMWNMCJXAETFGD
RNNFGMFFOGZCOOGJ,HRGFHARTZODRAMWW,FJFHVGRGGNZCWYHT
ROAVCDJWGYDRJXXE,HRFDJOHYOJDYTNGJ,JNMGCFZTJOXZWAXO
ROGHXDXHNFXMFGZX,HOMZEMHCRHYHWNDY,FJAJWZAARDHHYEFD
ROXWAZWOMCHECAYA,HOHGYWJAZOHXTYEG,TOHOMHMRWEVEOTTA
ROZGTMROTAGOGJXX,HOGVJYOMNHJAYGAA,OWOVYEYGFENVGFAH
RROGNCXYGOCNVYDC,HOFZYVFOWFMYZATY,JOFOHJOYMAREAZCZ
RTMDOYEZMYDCCFYA,HODVCVFRXGZJNMEX,JHFAWFGVOXJGGGHG
RTYTNVAWMFJOWFHZ,HODDRXERZZXOOXHO,TXMFXJFFXOFONYRZ
RWMJOWDODTAAONZT,HOCYODEEZRAACZTG,VCCJFOTEHOWJZZGM
RWMMTNCDNRGORVGY,HOCJOGOOOHZFZTGH,DAMFRRVYOGOOZOYY
RWTNDRTTWOVVEVTT,HNOZOVWYCYJCFTTV,XACYXWGCCVNORDEZ
RWVWRRROOCOEDARX,HNOGZZZCWDOOTVWW,EFCVAAXXAVFDZNNM
RXOGRXEOHOGCORYO,HNFGRZETWFJDGORW,WTGOGAVFYYYACGFO
RXVOOAGYWXHWNFMX,HMWZTOOMGJGXEJZJ,AOCRGGGYJDHXHCRJ
RXWFWXWHTGETHZDW,HJOXGXMCOOYDRJWO,HRFDJOHYOJDYTNGJ
RYOVOVDRFMFCMCWG,HJHMMOHYWOMYHFDZ,ZROEOHWYEWJRNZVZ
RYRZJDXHJDEFFXWY,HJAMFCJZAVOTHXWY,MNYDTFVDZHFRZXJF
RYVHRZCCONYVFTAE,HHHDCXWAXRAXDHWH,ONEEGHEDOOHEVFOC
RYYTXGRGXYARRNWY,HHCJAEXFAHEVOFCC,OORTGDYJVONMJARM
RZOVGAAFTFFMVGOR,HGZGJWHXTVFZETCH,CJAVXZNMMTANXFHT
RZOWEROCOYYNMHFZ,HGWWAOYZANXDFFEV,CGMZAGZYMWWHHRHE
TARATROVMWCECNVN,HGMFTATEXXYMFJXH,CRFVOHEVCMJHZOYF
TCJVTTEEOEOOEXAD,HGJXOMCJMACJVVOE,RFTETZFZXEVZXJTN
TCOOORYOZXNZWOZO,HFEMJROMYWZNXWOH,XWFOJOFCOZHJCENJ
TCTEDRGCHMWADOCN,HFEMGGZYJYXYRHXJ,DORYHREZMOORHRTN
TCZENVMEWMMMXJME,HFDXFDATHONJGGWO,ZJWWWRDTHMMWJODV
TDWRWTYYRVFFHAOC,HFDRWCYRZENTRZDC,RFWFJCOOMTTRXCNA
TDYWJRYCACZJWFOO,HEXJREDMYCHOTMEC,HWVGWTOVTRRDWAJJ
TEDYYWCGJOVONXEJ,HERJACJOWVWYZWDO,DWTXHOGZXVXYFYVF
TEEJXEOTYNGJCCYE,HDRZOYOFOOGETNNR,CYCNOAXRWFTVYTZM
TFCFORTEXYXXOHMA,HDRXEORXAXJNWVEY,YOVWTGEXACOOTHDJ
TFHTONFNCXXJGROO,HDORTFAGOVOZFTMW,JVHHOTWFCVXOAYVO
TGMRVWMDRGODTHEY,HDHEMGEMDRDFOEZN,EHOYMMEMYTWOVRAT
TGZTROEVEROEHZTN,HDDOOWVHDFNCOENF,WATZFCMYTVJWFTTX
TGZYXNRHAJFRNCEA,HDCWDTJVHNEVCVNE,WMWCHWZOZCNCWZWY
THGYOOVMRTROXCEV,HCNXZTZZOJDOJOEV,GFHGOTYZNNRGAWFH
THMTVXDEODZJXMOF,HCNTDMWFDTAEWEYC,VADDEMCRVTWOAOOF
THVOHOGRFNOOTAWW,HCATOAZZOEDXOZGE,DJGHTOMHGRZJMWXT
THXMARNGJFVXCJGT,HAGFGJAAHGDTFHHR,OVYHYEDWAJJYEOAW
TJGARETOXVYJOORO,HAFDGAMNYDTXYHXX,DHNDMMYHXVDOVMDM
TJGEWTRRDGAWNMEO,GYYZNORTOMGZTEOA,FWTMOYHMZWHOAGCC
TJVTVVEMZAYXOMMJ,GYXHFAOTRWXEJHCV,VYTGGYCHAANXONYD
TJWYJCEJRNTRHMHA,GXJOYNNORYWGYTAC,CJACXFHOOFNANGXZ
TMDWHJXJTEVCZDGV,GXGJOFZZFVFCFECW,ADYWCNOJRGWGHOXO
TMXEVZRVOMWRRWOT,GWXYYOGGENHAGOYN,AOVOEAMTFFYEEHOE
TNAGFFYJWTONAAMR,GWWNYJHVEOWNHRRY,ZWTJOWWHONAWTFCO
TNCMGFZWGXEWHVYT,GWDZGVMOZGZVWXRJ,JXFOHGMTGNCMHVMZ
TNDOMGMHWADDNAEO,GVTWFGOACWAMRORO,EJOGWOEMDZFOTOZH
TNJXEEOFHXNRRROA,GVRAFDMYONXTFFMM,ZYFRWATXRRJOZTVF
TNOVAODWRNYWJJZH,GVMMWVCGDMJCXJGT,DTRVWZOZOTFAOHOA
TNRZFHMJEJYJAMNA,GVHGOZMRDGRDGXWH,GHNVVGMJYGZHTGGC
TNVFFGTJEENHJNCW,GTDNWEJROFDADGNH,FJWGXYJNTWJOVXYN
TNWANAJHANONFGDT,GROOGMROMGHMZCXT,NEODXFZMRFDCCENW
TOCOXGGEENGOJDXE,GRFCMNHCJGWOOAAF,XDZJVMJGVYDXGCFH
TOHOMHMRWEVEOTTA,GRCFXFJEMEAGRHYZ,ODOHORAWOMACXVYC
TOODHOXXVOJJXGRY,GOTXANGGCGJWZXJM,JTMWXNVYJNJJXOEJ
TOOJJTRVMGYXARXD,GOTHFHECYTRXTJTT,ONHHNVZJFOORRXGN
TOVVDJWHGJRCFTOX,GOODMFFGJJGDNGMT,OCODJGHXRTAGAAOJ
TOWAWYCCTMFCHEAF,GONFRDDZAVAOYHND,ZVVODDFACFFTACYV
TOWHNWFHJHGOXNHO,GOJXZDMRJFNCEXET,RGXFOXJACACGCXER
TRCRDMZAOOGOCDEV,GOGOZNHJYVOFHODR,XCYZDYCJTXHTRVCJ
TTCCXHZGHJOOHHOC,GNZOFVOZZGAWREMY,HVCFAVCORHRNVVMJ
TTFJAXVVDOFNNZNH,GNZJNOAXYNEOCWXO,EGDAGCDMTZTZOOOG
TTROWTRGEHVWNRFV,GMTADCOHWEENMYCW,RDDMROMWMTVHAWAC
TVAOTYDFAXOFVYDO,GMCMDTMMZZXMHMAO,WXCCOZWOTYTZXRYE
TVDJDWOZZHXJTMJM,GJHMWNMCJXAETFGD,JEHNZAOVORMWMGWN
TVVOGGAMOYDHAOYJ,GHZJZOERVEAVCYCF,GDTDOGNVNMMJAYGT
TWJZWTVAAOVANFEJ,GHTXVAYOAGMOEFXW,MAXTOJMOHOGCOGTX
TWRDHOJOOCOMZOAW,GHNVVGMJYGZHTGGC,OREEXAEMWWMXXZFN
TWYOWNZEGRDOGNJJ,GHJWNOXAGOOTGVDT,FREOMDCNOXTWMZWJ
TWZFEJXXDHVTWWOO,GGXXGROZJFRACDYM,WWGCYMZGDHDTZGRC
TWZOOOOAHDXWMHAO,GGDTHMDAOHDOONZR,WJORXYNAVOOWWGVM
TXHDDCGTTJEZAGCV,GGAORZJJCVWHRMTJ,OCGCYOFWNYRCOVEV
TXJOYZAFYAWWOZTZ,GFWZOFJEGZJYOGGY,YDYHDRAXRAFZGOEC
TXMFXJFFXOFONYRZ,GFHGOTYZNNRGAWFH,AOHHACHZYJYZTEEF
TXRDDXCAWMTGMNFG,GEFJZOJCEGROYWTN,XFNHOGVEMRRVJVTV
TYAVEOHFVJFRGRXA,GDZDXFYMYCVMOYAJ,DTRYOFZDHZNRZNRD
TYJNCWZTAWNTVCMT,GDWTGFNFDETWWVTD,NZDHVZZJMGXZJJRW
TYNRZFFAYGGCGEWO,GDTDOGNVNMMJAYGT,CEMMHEWYHRZORMGJ
TYOOZVZCZHAFARJX,GCWNANJXNFRYODZD,DAVZOGGCWFNRDOOX
TYOYAZDYWAGMARXO,GCOHAGYAGWAJNHHZ,VGTFYVODAEETOYMR
TYZNGEOVDYCFMWOE,GCMVYWAJFTEYAOZW,ZERZEYZNTAJAOYMY
TZDRDFAAHCDCROYA,GAMYHOJFFOFFGDOX,HCNTDMWFDTAEWEYC
TZGHVYNYTERJRVZM,FYVOTJOEYZEEVNOH,OOVJFGTDAAYGYTCV
TZGRMCOJXOHCGVRX,FYNJHXMHAYXCOFDM,NYFFJVHAVGXEXXVY
VAAOFOORXWRYDNME,FYGZWZWACODDRFXD,FCCONHONMZFATWVO
VADDEMCRVTWOAOOF,FYGNVTMMDHXOEWTF,NWHZCTDMZMNJNAOR
VAJREGEFGWNCXOHN,FYFFRWYTVRGGVCZF,HODDRXERZZXOOXHO
VANDZFFWVYNNDOYJ,FXYJAOZZTOHVAJAY,DVNXFMGNGHZDXWAN
VAORETNYETZWMDDX,FXJNAXROZWZGHYYH,OORWOONWEXRJRYGY
VAVFEWTGFXVDJEYT,FWTMOYHMZWHOAGCC,WXNWFFCOOYDXJHWT
VAYDCCDRWFMAHOVH,FWOOHJZXRAYYGCZW,MMZJVHYZWNFOVEEY
VCCJFOTEHOWJZZGM,FWFGRCROOMTEFHJA,GWXYYOGGENHAGOYN
VCFEEWZAEFTWEOZM,FWCDTDORHXFZRTOV,EXZDWFYROOZAGXMD
VCNOJVGMRRGRVMZW,FTVEZOFERZCHAHAN,MZMFTFFRWHDFETYO
VCNVGYDEMMHFHDDO,FTRZONGZHFROYCCY,FXJNAXROZWZGHYYH
VDNCRFJHYTXCVJJD,FTAEZFDROYMREGTW,ORXRHGWDZMEJEWYN
VDOJDTACDMVVRCOW,FRWETZNHYARXMHFG,WGGFWAYTXZZDAACE
VDRDHCZOAYYHYXTO,FROXDFNGZTCHAMTW,GYXHFAOTRWXEJHCV
VDTAZJZAGOHCDRMZ,FREOMDCNOXTWMZWJ,YMXYHAHJCWJZDORN
VEDJHDHDVFEEJXRV,FRDAMWDCJMWYHJOC,HJHMMOHYWOMYHFDZ
VEJOMHWXODEOHZFY,FOWAROTNDMZCMVTG,ZORVGFFMRTZHFCDT
VETRAYONTVTXZOFT,FOROJAGAOJNOGTJW,XDTVNJFJYDFFAJJT
VEYZCMVHOWDHOAWZ,FOMMTTWGZFYTFXDM,DYGFMAGJCDEVJJOV
VFNAOOJNFDOYONAW,FOCAOOYDWOJDOYOF,HTOWGEYXMFCCZYAJ
VFTOGDRNCEYFHGCC,FNXTODGOTRNYYVMY,JODXOFDEVOCEYJXO
VFTRHZWRWDDZMMCA,FNWXHDOGWDVFMDDW,EEHAXXOFZCOCJNTR
VFWMJJGMWFTWVJAO,FNFGCYDMYMWAWXMO,ZZYYGTJRZDZXDZMD
VGAGTWTGJFMXCEXX,FNEYDERNOAYZCTAX,OHRHWTWDCMJHYOXO
VGHGRGGAVGNOZODW,FMZFWNFWTHJOMRJT,AZGGXFCYEYVDXOXV
VGHWFZONXYZHXYEM,FMCMAVWMNAWTXXFC,VOCXHYFWEOMVEVFO
VGOXWRMOGJWFAJWY,FJWGXYJNTWJOVXYN,EJOMRXXGHWAYCTRT
VGTFYVODAEETOYMR,FJFHVGRGGNZCWYHT,OOYEOODMACRTJGXG
VGTTOHDZJNZMFAZR,FJAJWZAARDHHYEFD,ZEZNFXNAXCACAMHR
VHNCYVOCHXCXRECD,FHJVWAWEXYOWRJMO,WXGRCMYVDDHMMHMO
VJDRNOXCNRRERTGO,FHERXYGVVWNWEDTX,OZNOZMEMVZAOHTDG
VJEHJZDOFGZAXVWZ,FGZWTGFRCDRYXTDY,FWOOHJZXRAYYGCZW
VJEOZOJHJTTOORGO,FGZFGGJXNHOYDVVV,CAODMVJDAZANMENY
VJZCWCWGRNNCZWGE,FGXVMFMRGODEEGAM,NZOEMXXGDANTVDWO
VMGWNDVAJOZHGOWX,FFYFVNZMYDZCCDTO,CYTNYCODDOOJXZTG
VMYWTOODMWAOYMOY,FFMXRAZVOMAXJOVF,HOGVJYOMNHJAYGAA
VNDCGNWVOMCCODWV,FFJJFVXRZMGJEERO,FWCDTDORHXFZRTOV
VNEODHERVOEDNJVR,FEZYFEAROOFDGACV,FMZFWNFWTHJOMRJT
VOAMDJCHTWDRGEVV,FEVZFYHRTYVRYRVA,NETNNAHFFMMJNONG
VOAYNYTVTTAWCDAM,FDYFJYDHYCTADXDN,OMEXOWGACOROJFCH
VOCXHYFWEOMVEVFO,FDTFVXXWRTOEZOMT,WOJVOMXNHNXGXVDN
VOEVDOJMXCGEFTGF,FCYGTHJGDYXCRNXR,EYAOJGHDGMOZJHGR
VOOFAWVYRAFGDRJX,FCOWGJWZTWCTOEGN,CEMNCJDACMTTAOMO
VRJDOWNTFEHOEWFA,FCODHEOOGNXREXMC,OWYOOAGJEYHNVJFV
VRNYANZRJEEHWHTZ,FCMEVVXNDROJOYJC,ACZNZRNOWRMAMCFM
VRRXDNFNJNYFTGYA,FCCONHONMZFATWVO,AYDJYZDCXJORCGJE
VRVNNWGECYNOJVFC,FCAAWROHNJHARCOO,FEZYFEAROOFDGACV
VRZDXZJCTXRORHOC,FANVCAJNNYNOFMTC,YDGRDTMZVEDCACRO
VTETRXNVMMONXFRX,FAGTHOANVOVZOXOE,TOWHNWFHJHGOXNHO
VTJWDXGOGMRXFVOO,FAFXEVJANRMOCVCO,ONZGTFWOGTOZNRWF
VTRZECDODFHJZAGY,FADXMXWOXHXMHXCT,AZOWCHENMOFOWVFN
VVEORYDGFFNVWWAW,FADCEOHANMAEOVRV,HDRXEORXAXJNWVEY
VVGOCEJCHONRTCRW,EZZXDYVVGWFXFZOF,GXGJOFZZFVFCFECW
VVNNYMNECANOEOJR,EZTNHMCAJAAWTFOV,FRDAMWDCJMWYHJOC
VWOAOMHGMARWYYYE,EZNCEEXRXZWJCDHG,MYONACYHGJHRXHXO
VWOAOWHOWFOMXZEO,EYAOJGHDGMOZJHGR,MFDHCJJODDHZJRAN
VWOXZNFCADAYXVEZ,EXZDWFYROOZAGXMD,JMWGGTAHRYMHOVTV
VWWTWJCXMDAARJXZ,EXXZCARAWEYGDYTG,VYZEJOXOTGNDXEAC
VWZHHWYZGWMNVNYO,EXXOGVYEHEZYAMXO,RHFROTFDGGOTMVDC
VXEDOVGTZWFNHYCH,EXVGODZGFDAOHMOW,JYFODRXOTMTDNGTC
VXEXOMOMJXWMRODV,EXRFMOOTXEZXRCNX,JFADFDOTTDCZTGGO
VXTWAAWAHDGCEZHA,EXGVNWVJOMNEWOEG,VRNYANZRJEEHWHTZ
VYOOWJNOYDJDXJJW,EVTJRFOMEXXGCFZT,VVEORYDGFFNVWWAW
VYTECRJRNCHXYATT,EVOXJWMYFZHHFNMZ,FFJJFVXRZMGJEERO
VYTGGYCHAANXONYD,EVNDRXFRXJHXMJGW,MCDXOZDFTMNEOVEN
VYWRCFDGMDHCRNEC,ETTONRHXZCJYEXXE,VYZWRYOAJGDEEGVM
VYXXFZOVCDNOOYCW,ERWWHOGCAOJXARMV,ODJWDREYGHZWGVVV
VYZEJOXOTGNDXEAC,ERAWYNJWAOYJMCEG,WVOAJTFEDTETJOXO
VYZWRYOAJGDEEGVM,EOZHDWGTXEOXJYFR,EEFHAEVJCHOXWNMW
VZECWXCVTZGDYANN,EOYCAXERFRMMCERX,OWMXXMOGXOVFDHDX
WAJRDCEVDTOFZVOX,EOXGHRYWWYMGZAXO,RFFZEOREHMFOMXOF
WAMXMYATMJCDZHYJ,EOXAJFEYAOODRFWY,FYGZWZWACODDRFXD
WATZFCMYTVJWFTTX,EOTOFXXXETHCXHDR,DXRDZGEOYOJNOXWW
WCDNXYWGTOFGXONO,EOTATDWHNOYNTNWG,YDCXNDROZJFZHCAW
WCGOWDHATFFXVTHX,EOGNXOGYAFNXEEEO,XCAYJDXGEGCDAYGO
WCHTHANFGZNGDZGO,EOFENMHGGMDZRTCX,OTZZRGZOFGHOMRAY
WCOXWHWECOEETDTH,EOARMMONRZFOFHXC,HRGFHARTZODRAMWW
WDOVZWHYZFGCCORW,ENZJHYETGGEYFCZV,VNEODHERVOEDNJVR
WDWJYNVENFXGZJTJ,EMEHEGROOOADRJCV,VEJOMHWXODEOHZFY
WEEDJDYXHWAFFOXM,EJYGTFFHJYRORDXO,VWOAOWHOWFOMXZEO
WEEZJOXGJOXMMTFZ,EJOMRXXGHWAYCTRT,TJGEWTRRDGAWNMEO
WETOMANOTOJFHFHR,EJOGWOEMDZFOTOZH,FADXMXWOXHXMHXCT
WFFATCDRNGXJFHAY,EHZNMEJEXZHMROGN,DOFNFTWWNEXZZMRV
WFMNAVTDHVOTTTVH,EHOYMMEMYTWOVRAT,XDXHGGZWZDMEOXDN
WFOJCCAGMZAJAXEG,EHHXEOYEECOVEATW,YFNFMNXDOMCXWYXT
WGFCTXXWFDEGZWVN,EGXEHNFAZVXCNGOY,MGONTRHXVAHARZVF
WGGFWAYTXZZDAACE,EGHHGJMOHZRYZHGR,WJJJTHVAHOJTHYCF
WHAMVYZETXVEJYCZ,EGFGDGHFRJVTOYVH,JTFDDRCYFAMOYOOO
WHOREMRVAGZFFWYM,EGDAGCDMTZTZOOOG,HGJXOMCJMACJVVOE
WHXZHJDAJYXOMROG,EFYOOGEDXCTEVOCF,AZYNYHFNYOXRRODZ
WJJJTHVAHOJTHYCF,EFRCNMWVMARMYXGA,JEOGGOVXJHEHECYZ
WJORXYNAVOOWWGVM,EFGCNDOVDZMEMXZE,VXEXOMOMJXWMRODV
WJOWFMRZAYOCEJWO,EFDORHCMFZCHMOYD,TZGRMCOJXOHCGVRX
WJZHEGXRNCWCWVOW,EFCVAAXXAVFDZNNM,FROXDFNGZTCHAMTW
WMWCHWZOZCNCWZWY,EFCJZNXOEOXNOAYA,MMWAHRFGDRCXTOGT
WMXGOZOANWMMNVEO,EFCDGMJJZNOFVCCF,YCYJGCONTMOACYHF
WNEEDGZGTYEAGDOF,EEHAXXOFZCOCJNTR,OHZYMNRDFOTETNCN
WNTVOXEJGTFJFJGY,EEFHAEVJCHOXWNMW,OOXETAJFWZGORJXC
WNXRYAJRYTZEYJWC,EDWCZVRANWANOAAD,MFNZVECOZJRVFHJE
WNZRTYOOOEVVFXYX,EDAXTJHCZOOTJZJY,WJZHEGXRNCWCWVOW
WODNGYDWRCWXFXAC,ECXWWAECWOFYXTCW,DAHOEOHHDYDOHHNC
WOEYDVDRYODCETAX,ECVWYOHHYHNOZMMZ,WYOOVOTTZAOWXOFO
WOJVOMXNHNXGXVDN,ECNXACREOTMFWFJR,JHVGWXOOONGZVOWH
WOOGGFZARYVMCFWW,ECACZWOHVFMOYEGC,ZNHVCNFZWRATDOOC
WOOTWCZJYFGAONWR,EATCWXHOYTEDWNJD,NZDGTEMOVWNVGMVA
WOVJAHYYWTFRZFCE,DZYRTTDFOHGYOGOZ,TEDYYWCGJOVONXEJ
WOVNZOYMGHCREAYW,DZYCHVCGMTMDFWYY,MMYEENJEJDNXGADG
WOWZEODFJHAZMRTO,DZTRYGNNYRNZMVHO,DXGJVHVRVXEDJHWZ
WRNFJEFEYGJCWAZO,DYTGEFAXRHDXATHZ,OFJOOHTGRMEAHEAM
WTGOGAVFYYYACGFO,DYGFMAGJCDEVJJOV,OCWXCTWTMTHCGWCO
WVOAJTFEDTETJOXO,DYCZTRZXEVMDTROD,FYGNVTMMDHXOEWTF
WVZCOHMJFVDDMMEF,DYCHNVORXXWWWZRA,GOTXANGGCGJWZXJM
WWGCYMZGDHDTZGRC,DXRDZGEOYOJNOXWW,TXJOYZAFYAWWOZTZ
WWOCTODXHNAEVYAF,DXGJVHVRVXEDJHWZ,NMOHZTCTJAEMOCRR
WWYTRONXZHNAXFCW,DWTXHOGZXVXYFYVF,GMCMDTMMZZXMHMAO
WXAVFWMOFAJDYVOY,DVNXFMGNGHZDXWAN,VOAYNYTVTTAWCDAM
WXCCOZWOTYTZXRYE,DTRYOFZDHZNRZNRD,NHOMTTYVNCOOTJAO
WXGRCMYVDDHMMHMO,DTRVWZOZOTFAOHOA,OGAGWYDFVOTOCGOY
WXNAREXGDTJDVHWN,DTEAZXOVZHFEODZN,EHZNMEJEXZHMROGN
WXNWFFCOOYDXJHWT,DRGJREMOFGOVGEZR,VGAGTWTGJFMXCEXX
WXWAJNDTAJNNGFEZ,DORYHREZMOORHRTN,OXNGCOARMGXDNVJF
WYMGTCZANYNYMMTD,DORHHOWEZOTJWAEY,TCZENVMEWMMMXJME
WYODHAZMYWWXOCMM,DOMTCDAHZZRTZZYH,WFMNAVTDHVOTTTVH
WYOOVOTTZAOWXOFO,DOJXOJOCMYDRZMOR,MGOGJWTGOWAGGXZE
WYXDEVZXNAOZZOTY,DOFNFTWWNEXZZMRV,AACDVVRODDTYHWWC
WZAOENEEHXJZAMFR,DNNNNJHWNJCODRZO,TOOJJTRVMGYXARXD
WZZOYXTOOOEZDVTX,DMZTVFEDXXAEGENO,CTZJWAMOERGXHHJD
XACYXWGCCVNORDEZ,DMOCXCWZGTVAMOEE,WZAOENEEHXJZAMFR
XCAYJDXGEGCDAYGO,DMDAGGWYJDOMXERZ,WETOMANOTOJFHFHR
XCEYYWFAXWXEAHCZ,DMCZCYZRDJZWZDOZ,HVDGDWVFHJXMJGNR
XCMFMXGZMWFJOGZT,DJWFGJMRCDFTVDOT,EVTJRFOMEXXGCFZT
XCRODDYWNMGODWWO,DJGHTOMHGRZJMWXT,NGMVCWVHWNVHDWOH
XCROOCVROXWJXAAC,DHXZMWJDEEDDXTOG,NDCOWAFWOZYFEDNO
XCVOGXEHDRVCEOFM,DHOGAHDDHTODOFOY,TGZTROEVEROEHZTN
XCYZDYCJTXHTRVCJ,DHNDMMYHXVDOVMDM,XZAAWRONCMYWJXRO
XDTVNJFJYDFFAJJT,DHHOAGFGFTAXCNHA,NAMZOZOCDAOMOFCE
XDXHGGZWZDMEOXDN,DHFMRZHNJRYDOXNV,JFJFEMJVRFFFORMC
XDZJVMJGVYDXGCFH,DHEFDRCMRATCYOJF,AGAYGMTYOMGZTTJM
XEMWVRVMTVXHORTV,DGHXAEVEDRNGDCJV,JYXJYRGFXWNRZCOW
XETCAEWOOMYWVVNN,DFXEHVXDOMFCCXHO,GAMYHOJFFOFFGDOX
XEVAOJDDDHWGOORO,DFOOYGOVYCCHOVEO,YOTHHXJRTCNMJJOD
XEZYOONDEAEVJACR,DFEDROXEEYZZFOMN,MYOOCZHNARWXJYOC
XFNHOGVEMRRVJVTV,DEHNEONWTTOAMVJH,HXMJROGJXOAHYECR
XFNRAZYHETFFHJVA,DEFFRAZWMANVVCOO,ONXNAMXHGCJHAMYG
XFOCMGAVFYVHFHXR,DEDGMGEFCRTOAMGA,YHXEOYNXEDVXVDVZ
XGHVOFTVTMDJHJEO,DDMGMYAXZYJOOAOO,MCRNATRONTJZRXRD
XGWVOTFWCCVFONTD,DDJZJFRZFZJWHYCT,VMGWNDVAJOZHGOWX
XGYEFTJDDVTJRMDH,DDFZGJHVWRHCVNMG,CGHXZGCXCZFYTVFA
XHYXCRNCXYXDEEGW,DAZEDARMHWCCWTRW,DRGJREMOFGOVGEZR
XJMWZOHJXEXJOTCY,DAVZOGGCWFNRDOOX,NZWFNYTTDJMNDJZA
XMNOMFVZNOZADRGN,DAMFRRVYOGOOZOYY,CANGMXNJHROOYCDN
XMZXOZWWECNOJOXG,DAHOEOHHDYDOHHNC,VAJREGEFGWNCXOHN
XNHENHONHGWYJJCZ,DAHHNMNAMMGGMDJV,XETCAEWOOMYWVVNN
XNTHWDGDOMVONTOD,DAGHJXMYTVDHGROH,HGWWAOYZANXDFFEV
XOEONXNCHNOHZJJO,DAAORHYGJJGVFTOD,NTHZCTXOFRDOORRG
XOFWACMGTRMFTOEX,CZVFODNTJZOWTMMW,NOJTMYWJMOOCWOTE
XOGZNCDZXXTMMGOO,CYXMRXDVGOEONYJD,OVOMJATOOOGJFYMH
XTDOTRGVOJDYFVHO,CYWFCHHDEVMOORVN,JNONOVOWDHAHWCMV
XTVFEVTHRDRFRDJR,CYTNYCODDOOJXZTG,GOODMFFGJJGDNGMT
XWDJGVVCHGWRVFCO,CYCNOAXRWFTVYTZM,YROZEDWFWGEOTJVO
XWFOJOFCOZHJCENJ,CXOFADVWVZCEMFDR,EGXEHNFAZVXCNGOY
XXFFFTNACTFYZWOG,CVRVJOXXNRANOHEG,FGZFGGJXNHOYDVVV
XXHMZXOFWHXMGWAH,CTZJWAMOERGXHHJD,FGZWTGFRCDRYXTDY
XXNYAVHJAZYGVTOX,CTXEGRDNJOCOFEXZ,RZOWEROCOYYNMHFZ
XXYRYEXGRJTYVFAO,CTWDOFOFMDFYOHDC,NOWXANTGOYJVMZGE
XZAAWRONCMYWJXRO,CTOFFDOZGRRFERVN,OWDXCVOMEVTEJYXX
XZMOTVZDYAHYJHHD,CRZJFYAZMYTTYVCJ,GVMMWVCGDMJCXJGT
XZVRWWEJOJJJWHWT,CRFVOHEVCMJHZOYF,RHNCOZTGAGCXTMRN
XZXDYCNHEVGAZVGW,CRFMVEGNAXOYJRXC,CCVFGHONORHVWCJZ
YCMWCZNWMMCMHXNW,CRDCTTJYWJMXJTDE,DDFZGJHVWRHCVNMG
YCNERRNRADHWOXFT,COZYOJEDZVZFEANW,ZYGTCHGONXMECMRX
YCXJEXYCDCOMEGNG,COZJVMVEAOMJXFHR,XJMWZOHJXEXJOTCY
YCYJGCONTMOACYHF,COXMCVAMVYEMRWVO,AFAJRRRNXZGAEJVZ
YDCXNDROZJFZHCAW,COWCDFAHAVONORVA,OHZAOJVWYODOOGYN
YDGRDTMZVEDCACRO,COVEDWRYFAYCFYMZ,HZEVOTXTJAFXNDRR
YDTANRWECAGMNTFV,COOYDZDYJOCORYVO,YMMVNNRTZERXAZTO
YDYHDRAXRAFZGOEC,COGOXJYWGDHAJZMH,MXGDTNZEJEMECRGO
YDZAOADOCOVGNJOJ,COCEYNROZFGCXZFE,CNCJOGYOMCZZERFD
YFAVTXEEFNJTMJGY,CNXOENRJWGRXHZNC,TVDJDWOZZHXJTMJM
YFNFMNXDOMCXWYXT,CNCZVMWROTWTCYZO,VVGOCEJCHONRTCRW
YGEGJAAWNZHTCHGA,CNCJOGYOMCZZERFD,WODNGYDWRCWXFXAC
YGJJDVMWRNEJFFRN,CNCDHWMGAHCNGEXC,VRRXDNFNJNYFTGYA
YGMVVZRGWZAXOTOZ,CMWVJDTAOHMRDTJD,JYVCCNTYOCOOZWOF
YGOMZTENOODYXWGJ,CMMCVMJZFJAOGZCD,OMVFYOZGDOWXOJAD
YHXEOYNXEDVXVDVZ,CJZTTEXWWJZXGENG,XFNRAZYHETFFHJVA
YHYCHHFMNTYMFJFO,CJTWFTJOXZRTEDWG,CTOFFDOZGRRFERVN
YJEHFEADYOYEREMM,CJTAEYGMAAYNMHCH,ODWHHOCHCMVHJWON
YJWZXOWCONHWMOOF,CJRXWOWNZRWRONHG,FANVCAJNNYNOFMTC
YMMVNNRTZERXAZTO,CJNJFDHOHGFVVJOX,HOCJOGOOOHZFZTGH
YMOOROCHNGHCCORO,CJJDRXYNOGVAYTOW,VTJWDXGOGMRXFVOO
YMXYHAHJCWJZDORN,CJAVXZNMMTANXFHT,TVVOGGAMOYDHAOYJ
YNDRZVMMACYDMTMM,CJACXFHOOFNANGXZ,OVZVJCVFRXVNHAHD
YNYJWROTVDMOGHRA,CGXHJZTOCANOMOZN,NHHECROGZYHFOCDJ
YOJFXCDHGCETJRFJ,CGNZJZEOYOZGMOZO,XXNYAVHJAZYGVTOX
YONRMVTFOFZXRZDD,CGMZAGZYMWWHHRHE,CJTWFTJOXZRTEDWG
YOTHHXJRTCNMJJOD,CGHXZGCXCZFYTVFA,VAVFEWTGFXVDJEYT
YOVWTGEXACOOTHDJ,CFEWCGWRYFMWHMJR,WNZRTYOOOEVVFXYX
YRNNJCXVFYERNXGC,CEMNCJDACMTTAOMO,DMCZCYZRDJZWZDOZ
YROZEDWFWGEOTJVO,CEMMHEWYHRZORMGJ,VETRAYONTVTXZOFT
YTHRYHOYVZWOAACJ,CDFOGYWWDOWEYETF,DYTGEFAXRHDXATHZ
YTMARHHGXFJVHWRZ,CDFFVVAYYOVHXRNR,DJWFGJMRCDFTVDOT
YVOODERDWZOHXVOV,CCVFGHONORHVWCJZ,ZEEMNWDWFOCJOFEE
YWCYHNCVVDVHJJOW,CCROAJRVZCOGOEAE,VCNOJVGMRRGRVMZW
YWDAJDAOCJEWOWOZ,CCFFAJMFETCNXETV,YONRMVTFOFZXRZDD
YWJEXJZJNMEMJEYC,CAXROZHYEJHAXYEA,JJGXVNRGCCHVGTGE
YWNZARCZNNCNTOHA,CATAMDAGEMGENTFY,OOOARWWJAOJEOGHO
YWYOMHOHCWZHOROJ,CAODMVJDAZANMENY,TOWAWYCCTMFCHEAF
YXCWCOOAEVWVVNAV,CAOCCHXNRAJJMOHR,DHFMRZHNJRYDOXNV
YXEMFVWHFHZDONTD,CANGMXNJHROOYCDN,MOFOGYXYDNRYMNXA
YYGHVGZDFDNNGGWE,CAJCOYZDCJHMZWAN,VXTWAAWAHDGCEZHA
YZTOCYENFWOJOHNW,CAGYARNVAYFMJNVX,OYFGEJXVFOGGECHG
ZDMONNMDDHZVOFMH,CAGMNVHYNAHJTAOY,NNFVXRWHATWENDJT
ZDRCFGTEOCCDCHMW,AZYNYHFNYOXRRODZ,HJAMFCJZAVOTHXWY
ZDYAMOYMNHXOYTOY,AZOWCHENMOFOWVFN,YWCYHNCVVDVHJJOW
ZEEMNWDWFOCJOFEE,AZGGXFCYEYVDXOXV,DEDGMGEFCRTOAMGA
ZEJCYEZNADGOOHEZ,AZDXNVVGCFVXROCO,FGXVMFMRGODEEGAM
ZERZEYZNTAJAOYMY,AYDJYZDCXJORCGJE,ZOGEEWRCJDDYWAWE
ZEZNFXNAXCACAMHR,AXXFWHNADWEVNOVE,HJOXGXMCOOYDRJWO
ZFDTGOCORCNAXVGO,AXVONDZHCDZOEMCJ,TNWANAJHANONFGDT
ZFNEDMXFAXANXOTD,AXTOORMGNXRFTRDY,AMEZXWCOJRCFNEEW
ZGRGOVOXDNZGVCFC,AXROZZDRTRCWEJOZ,MEFWAOXJXWAMRVVR
ZHGRMHVNDCTGNGXN,AXOOWODFMEYZNCAO,JJZDEMHGOFOFNTOO
ZHODCNAGVENHCJZH,AVTNNWWOZDRDHFFM,HZDEFZXGXRFJFMCC
ZHRYMFNXAGVDVZXH,AVRAHWATOOOZWFAG,CMWVJDTAOHMRDTJD
ZHWEVHCMZEOVEJGH,ATWONWNWXECOENEA,CMMCVMJZFJAOGZCD
ZHXAOOXHCTTYGCRO,ATJOMAANYOWYAOWY,AHJXHTFNEEOJVZTN
ZHXTAWJDZMYTHEOM,AOVXEEWXFMNZHATA,HOMZEMHCRHYHWNDY
ZJFARRAMJADTHYNY,AOVOEAMTFFYEEHOE,JODWGHTNYTGOOOZF
ZJWWWRDTHMMWJODV,AOTEOCGMJJHECENJ,HCATOAZZOEDXOZGE
ZJZJZODORVVEJNOE,AOMVYVRXNDWMRGXZ,CRZJFYAZMYTTYVCJ
ZMFRAAFNYECXFXAZ,AOHHACHZYJYZTEEF,TYZNGEOVDYCFMWOE
ZMOEJCHFWDTNRVRT,AOFOMJGJCTMDHYRJ,THVOHOGRFNOOTAWW
ZMOJFOCCNHFZTNFD,AOCRGGGYJDHXHCRJ,JHTMGTTYOJNVGVMG
ZNHVCNFZWRATDOOC,ANAYZCDHGMEYRDWY,WYODHAZMYWWXOCMM
ZNOGREWCMRRHTWDE,AMWRAFEWRRDJEDVW,FOMMTTWGZFYTFXDM
ZNZMVOYRNROEXOCO,AMEZXWCOJRCFNEEW,OMTZMTDGVYYMATXE
ZOFYEEFNVCGCNRHA,AJXFTZVAZZHWEMCJ,EXXOGVYEHEZYAMXO
ZOGEEWRCJDDYWAWE,AHWAYNWOADDVJFOC,YGJJDVMWRNEJFFRN
ZORVGFFMRTZHFCDT,AHTRMAMTNCAYVTZX,EGHHGJMOHZRYZHGR
ZRJHZOOWZDRRENYR,AHOXMOANCECVAFYA,RETHTWMJDEDXYOAZ
ZROEOHWYEWJRNZVZ,AHNRWGWMVZWEDMHH,MXAYFWNWXNZNVRXR
ZRVTRHHWFRXHWXYG,AHJXHTFNEEOJVZTN,FCODHEOOGNXREXMC
ZRYJFXGHORNAJDDC,AGOXDYTHEVYJWVCM,HDORTFAGOVOZFTMW
ZTHOTRWEWVVXHFRM,AGCHHEFORYJCHDEW,RXVOOAGYWXHWNFMX
ZVVODDFACFFTACYV,AGAYGMTYOMGZTTJM,WOEYDVDRYODCETAX
ZVYZAOFTXFFOZJOA,AFOTVNYHVGGRGCRM,DDJZJFRZFZJWHYCT
ZWHCZHOTGZNMNACV,AFCTAVHXMWXJZOHR,XXHMZXOFWHXMGWAH
ZWJTTTMTZTTROOFG,AFCJZVODTYOVJZMZ,VJDRNOXCNRRERTGO
ZWNNYXRNWCNCZMYO,AFAJRRRNXZGAEJVZ,TXHDDCGTTJEZAGCV
ZWTJOWWHONAWTFCO,AEWJVZDHEFVCWTTT,ODRHONMJYOEVXYYD
ZWVWRFOEJECCWYVW,AETFWAMXNYCGNHCF,XOEONXNCHNOHZJJO
ZXWDXWCRGNHHWTJF,ADZHHAHDMGZVNJFC,VFWMJJGMWFTWVJAO
ZYFRWATXRRJOZTVF,ADYWCNOJRGWGHOXO,TFCFORTEXYXXOHMA
ZYGTCHGONXMECMRX,ACZNZRNOWRMAMCFM,VRVNNWGECYNOJVFC
ZYVCGOYRVZXYCOTO,ACDODXZREVVMNFYN,RTMDOYEZMYDCCFYA
ZYWGXNZWTHJVDTEW,AAVGENNWRWHRHGZW,GOJXZDMRJFNCEXET
ZZYYGTJRZDZXDZMD,AACDVVRODDTYHWWC,YWDAJDAOCJEWOWOZ
